_id,admissionControlEnabled,alarmParameters,analyticsReportConfig,apCsaBeaconCount,apCsaNoiseThreshold,apTunnelSessionConfig,badlink_num_stas,badlink_percentage,badlink_sta_ss,baseChanged,baseConfig,blockDfsChan,bootupBeaconVeryCloseBeaconCount,bootupBeaconVeryCloseRssi,bootupSimultaneousBias2G,bootupSimultaneousBias5G,bootupTimeout,buildingInfo,bulkFirmwareUpdate,classicOffChannelScan,countryCode,dateTime,dfsEnabled,extenderEnabled,extenderLongCycleInterval,extenderStrongRssiBackhaulThreshold,extenderWeakRssiBackhaulThreshold,ftpConfiguration,geolocationEnabled,groupLoadBalancingCongestionThreshold,groupLoadBalancingEnabled,groupLoadBalancingNumClientsThreshold,groupLoadBalancingOwnUsageThreshold,heavyStationCheckEnabled,high_competitive_usage_threshold,id,loadBalanceEnabled,loadBalanceHpMax,loadBalanceLaunchTime,loadShedding,lsParameters,mobilityStatus,name,neighborBootupRSSI,offChannelScan,offChannelScan5GFullPeriod,perfReportInterval,powerConfigDeployType,prohibitedChannels,pwrCtrlParams,rebootConfig,rrmConfig,rrmCrowdChannelSelection,rrmFunc,rrmOptChannelRepack,rrmOptimizationFunc,rrm_ac_congestion_threshold,rrm_ac_good_2g_signal,rrm_ac_not_seen_on5g_interval,rrm_ac_preferred_band,rrm_change_hysteris,rrm_clientsteering_hysteresis_map,rrm_clientsteering_signal_non_idle_threshold,rrm_clientsteering_type,rrm_clientsterring_client_ul_threshold,rrm_clientsterring_enable,rrm_clientsterring_signal_threshold,rrm_clientsterring_wait_Interval,rrm_metrics_avg_period,rrm_metrics_fresh_period,rrm_poor_5G_rssi_deactivation_threshold,rrm_strong_2G_steer_enabled,rrm_trigger_check_period,speedTestInterval,speedTestServer,speedTestServerList,ssidsync,ssidsyncOverride,testFunc,timezone,topologyEnabled,triggerBasedScanHysteresis,triggerBasedScanMetricPeriod,triggerBasedScanMode,very_high_overall_usage_threshold,zoneSetParams
{'$oid': '5b71cd4e434b7dceeb42b670'},True,{'alarmNoise': -70},"{'startTime': '2017-06-06 00:00:00', 'includeNeighbors': True, 'emailAddresses': 'john.cartmell@xcellair.com', 'includeEvents': True, 'includeClusterConfig': True, 'endTime': '2017-10-10 23:59:59', 'includeClientDist': True, 'includeSteering': True, 'includeAPMapping': True, 'includeAlarms': True, 'interval': 86400, 'reportEnabled': False, 'includeAPMemCPU': True, 'includeChannelChange': True, 'includeManagedAPs': True, 'includeChannelStats': True, 'status': ''}",5,-65,"{'publicSshPort': 222, 'ttydPortMax': 12999, 'ttydPortMin': 12001, 'ttydLocalIp': '104.239.213.29', 'expiryPeriodInMin': 30, 'ttydPublicIp': '104.239.213.29'}",4,0.75,-65,True,0,0,-7,-25,0.1,0.1,5,False,"{'enabled': False, 'apManufacturer': 'ZyXEL_EMG2926', 'status': 'Complete@20180813', 'time': '9', 'firmware': '1.4-20a-ZyXEL'}",1,CA,2019-03-06 00:45:01,0,False,240,-55,-72,"{'passiveMode': False, 'username': 'xcellair', 'apLogsEnable': False, 'password': 'xCellAir2017&1', 'csvEnable': True, 'apLogsRemoteDirectory': '/AP Logs', 'csvRemoteDirectory': '/', 'ipAddress': '192.95.32.204', 'port': '21'}",False,50,True,5,40,False,0.75,00000000-0000-0000-0000-000000000000,False,50,00 00 02 * * *,True,"{'lsOwnChUsage': 0.45, 'lsCongestion': 0.85, 'lsClientUpdateInt': 2, 'lsNumClients': 2}","{'periodicity': 7, 'batchSize': 200, 'enabled': True}",Default ClusterConfig,-65,1,0,1,VendorA_customized,"[2417, 2422, 2427, 2432, 2442, 2447, 2452, 2457, 2467, 2472, 5260, 5300, 5280, 5320, 5500, 5520, 5540, 5560, 5580, 5620, 5600, 5640, 5680, 5660, 5700, 5825]","{'pwrCtrlEnabled': False, 'clientLowRssiDb': -70, 'highDensityPowerBackoff': 5, 'highDensityAPNum': 4, 'clientLowRssiRate': 66, 'clientsTotal': 4, 'pwrCtrlInterval': 15}","{'rebootPresenceOfClient': True, 'apMemUtilEnabled': True, 'apCloudAgentCPUUtil': 80, 'minTimeBetweenReboots': 1, 'periodicRebootEnabled': False, 'apCPUUtil': 90, 'periodicRebootHourToRun': '2', 'rebootEnabled': False, 'apCloudAgentCPUUtilEnabled': True, 'apCloudAgentMemUtilEnabled': True, 'bssidATH0DoesNotExist': True, 'apRebootLogConfig': {'enabled': False, 'storeToFlash': False, 'flashDirectory': '/usr/config/diagnostic', 'periodicReporting': True, 'numberOfCleanTSFs': 10, 'numberOfDirtyTSFs': 30, 'collectionPeriod': 30, 'reportingInterval': 15, 'reportingEnabled': True, 'serverDirectory': 'NGSCserver/apEntries/healthCheck/stats'}, 'apCPUUtilEnabled': True, 'bssidATH10DoesNotExist': True, 'apMemUtil': 90, 'restart24GHzRadioConfig': {'rxCRCErrorRatioEnabled': True, 'txFailedRetriesRatioEnabled': True, 'noBeaconsXmitEnabled': True, 'rxCRCErrorRatio': 90, 'txFailedRetriesRatio': 90}, 'apCloudAgentMemUtil': 80, 'restart5GHzRadioConfig': {'errorRatiosEnabled': True, 'noBeaconsXmitEnabled': True, 'consumedRatiosEnabled': True, 'consumedRatios': 90, 'errorRatios': 50}}",False,True,True,0,False,60,-65,60,2,30,"{'-1': 0, '40': 30, '100': 0, '60': 10, '20': 60}",-80,AP,50000,True,-75,180,5,30,-71,True,30,1440,"{'host': 'montreal.speedtest.netasservice.com:12865', 'url2': 'http://montreal3.speedtest.telus.com/speedtest/upload.jsp', 'lon': '-73.5550', 'country': 'Canada', 'name': 'Montreal, QC', 'sponsor': 'FON', 'dlpath': '/speedtest/random4000x4000.jpg', 'ulpath': '/speedtest/upload.jsp', 'baseurl': 'montreal.speedtest.netasservice.com:12865', 'lat': '45.5081', 'cc': 'CA', 'id': '4'}","[{'host': 'montreal.speedtest.netasservice.com:12865', 'url2': 'http://montreal3.speedtest.telus.com/speedtest/upload.jsp', 'lon': '-73.5550', 'country': 'Canada', 'name': 'Montreal, QC', 'sponsor': 'FON', 'dlpath': '/speedtest/random4000x4000.jpg', 'ulpath': '/speedtest/upload.jsp', 'baseurl': 'montreal.speedtest.netasservice.com:12865', 'lat': '45.5081', 'cc': 'CA', 'id': '4'}]",ON,OFF,0,America/New_York,False,240,30,2,0.9,"{'zoneSety': 1, 'zoneSetz': 3, 'zoneSetx': 1}"
{'$oid': '5b71cd4e434b7dceeb42b670'},True,{'alarmNoise': -70},"{'includeNeighbors': True, 'includeSteering': True, 'includeAlarms': True, 'includeAPMapping': True, 'reportEnabled': False, 'interval': 86400, 'includeChannelStats': True, 'includeClusterConfig': True, 'startTime': '2017-06-06 00:00:00', 'endTime': '2017-10-10 23:59:59', 'includeManagedAPs': True, 'includeAPMemCPU': True, 'emailAddresses': 'john.cartmell@xcellair.com', 'status': '', 'includeClientDist': True, 'includeChannelChange': True, 'includeEvents': True}",5,-65,"{'ttydPortMin': 12001, 'ttydPortMax': 12999, 'publicSshPort': 222, 'ttydLocalIp': '104.239.213.29', 'ttydPublicIp': '104.239.213.29', 'expiryPeriodInMin': 30}",4,0.75,-65,True,0,0,-7,-25,0.1,0.1,5,False,"{'status': 'Complete@20180813', 'time': '9', 'firmware': '1.4-20a-ZyXEL', 'apManufacturer': 'ZyXEL_EMG2926', 'enabled': False}",1,CA,2019-03-06 01:45:01,0,False,240,-55,-72,"{'csvEnable': True, 'username': 'xcellair', 'passiveMode': False, 'password': 'xCellAir2017&1', 'apLogsRemoteDirectory': '/AP Logs', 'apLogsEnable': False, 'ipAddress': '192.95.32.204', 'csvRemoteDirectory': '/', 'port': '21'}",False,50,True,5,40,False,0.75,00000000-0000-0000-0000-000000000000,False,50,00 00 02 * * *,True,"{'lsCongestion': 0.85, 'lsNumClients': 2, 'lsClientUpdateInt': 2, 'lsOwnChUsage': 0.45}","{'batchSize': 200, 'enabled': True, 'periodicity': 7}",Default ClusterConfig,-65,1,0,1,VendorA_customized,"[2417, 2422, 2427, 2432, 2442, 2447, 2452, 2457, 2467, 2472, 5260, 5300, 5280, 5320, 5500, 5520, 5540, 5560, 5580, 5620, 5600, 5640, 5680, 5660, 5700, 5825]","{'clientLowRssiRate': 66, 'highDensityPowerBackoff': 5, 'pwrCtrlEnabled': False, 'pwrCtrlInterval': 15, 'clientsTotal': 4, 'clientLowRssiDb': -70, 'highDensityAPNum': 4}","{'minTimeBetweenReboots': 1, 'apCloudAgentCPUUtilEnabled': True, 'bssidATH10DoesNotExist': True, 'apRebootLogConfig': {'collectionPeriod': 30, 'flashDirectory': '/usr/config/diagnostic', 'numberOfCleanTSFs': 10, 'serverDirectory': 'NGSCserver/apEntries/healthCheck/stats', 'periodicReporting': True, 'reportingInterval': 15, 'storeToFlash': False, 'numberOfDirtyTSFs': 30, 'reportingEnabled': True, 'enabled': False}, 'apCPUUtil': 90, 'bssidATH0DoesNotExist': True, 'rebootPresenceOfClient': True, 'restart5GHzRadioConfig': {'errorRatios': 50, 'errorRatiosEnabled': True, 'noBeaconsXmitEnabled': True, 'consumedRatiosEnabled': True, 'consumedRatios': 90}, 'rebootEnabled': False, 'restart24GHzRadioConfig': {'rxCRCErrorRatio': 90, 'txFailedRetriesRatio': 90, 'rxCRCErrorRatioEnabled': True, 'noBeaconsXmitEnabled': True, 'txFailedRetriesRatioEnabled': True}, 'apCPUUtilEnabled': True, 'apCloudAgentMemUtilEnabled': True, 'periodicRebootEnabled': False, 'apCloudAgentCPUUtil': 80, 'periodicRebootHourToRun': '2', 'apCloudAgentMemUtil': 80, 'apMemUtilEnabled': True, 'apMemUtil': 90}",False,True,True,0,False,60,-65,60,2,30,"{'100': 0, '20': 60, '40': 30, '60': 10, '-1': 0}",-80,AP,50000,True,-75,180,5,30,-71,True,30,1440,"{'country': 'Canada', 'host': 'montreal.speedtest.netasservice.com:12865', 'sponsor': 'FON', 'id': '4', 'lat': '45.5081', 'cc': 'CA', 'ulpath': '/speedtest/upload.jsp', 'url2': 'http://montreal3.speedtest.telus.com/speedtest/upload.jsp', 'lon': '-73.5550', 'name': 'Montreal, QC', 'baseurl': 'montreal.speedtest.netasservice.com:12865', 'dlpath': '/speedtest/random4000x4000.jpg'}","[{'country': 'Canada', 'host': 'montreal.speedtest.netasservice.com:12865', 'sponsor': 'FON', 'id': '4', 'lat': '45.5081', 'cc': 'CA', 'ulpath': '/speedtest/upload.jsp', 'url2': 'http://montreal3.speedtest.telus.com/speedtest/upload.jsp', 'lon': '-73.5550', 'name': 'Montreal, QC', 'baseurl': 'montreal.speedtest.netasservice.com:12865', 'dlpath': '/speedtest/random4000x4000.jpg'}]",ON,OFF,0,America/New_York,False,240,30,2,0.9,"{'zoneSetx': 1, 'zoneSetz': 3, 'zoneSety': 1}"
{'$oid': '5b71cd4e434b7dceeb42b670'},True,{'alarmNoise': -70},"{'includeNeighbors': True, 'includeManagedAPs': True, 'includeAlarms': True, 'interval': 86400, 'includeChannelChange': True, 'reportEnabled': False, 'endTime': '2017-10-10 23:59:59', 'includeClientDist': True, 'startTime': '2017-06-06 00:00:00', 'includeChannelStats': True, 'includeEvents': True, 'includeAPMemCPU': True, 'emailAddresses': 'john.cartmell@xcellair.com', 'status': '', 'includeSteering': True, 'includeAPMapping': True, 'includeClusterConfig': True}",5,-65,"{'publicSshPort': 222, 'ttydPortMin': 12001, 'ttydPublicIp': '104.239.213.29', 'expiryPeriodInMin': 30, 'ttydLocalIp': '104.239.213.29', 'ttydPortMax': 12999}",4,0.75,-65,True,0,0,-7,-25,0.1,0.1,5,False,"{'enabled': False, 'status': 'Complete@20180813', 'firmware': '1.4-20a-ZyXEL', 'apManufacturer': 'ZyXEL_EMG2926', 'time': '9'}",1,CA,2019-03-06 02:45:02,0,False,240,-55,-72,"{'csvEnable': True, 'passiveMode': False, 'password': 'xCellAir2017&1', 'ipAddress': '192.95.32.204', 'username': 'xcellair', 'apLogsRemoteDirectory': '/AP Logs', 'port': '21', 'apLogsEnable': False, 'csvRemoteDirectory': '/'}",False,50,True,5,40,False,0.75,00000000-0000-0000-0000-000000000000,False,50,00 00 02 * * *,True,"{'lsClientUpdateInt': 2, 'lsNumClients': 2, 'lsOwnChUsage': 0.45, 'lsCongestion': 0.85}","{'periodicity': 7, 'batchSize': 200, 'enabled': True}",Default ClusterConfig,-65,1,0,1,VendorA_customized,"[2417, 2422, 2427, 2432, 2442, 2447, 2452, 2457, 2467, 2472, 5260, 5300, 5280, 5320, 5500, 5520, 5540, 5560, 5580, 5620, 5600, 5640, 5680, 5660, 5700, 5825]","{'clientsTotal': 4, 'pwrCtrlInterval': 15, 'highDensityPowerBackoff': 5, 'highDensityAPNum': 4, 'pwrCtrlEnabled': False, 'clientLowRssiRate': 66, 'clientLowRssiDb': -70}","{'minTimeBetweenReboots': 1, 'apMemUtilEnabled': True, 'apRebootLogConfig': {'numberOfDirtyTSFs': 30, 'collectionPeriod': 30, 'serverDirectory': 'NGSCserver/apEntries/healthCheck/stats', 'flashDirectory': '/usr/config/diagnostic', 'reportingEnabled': True, 'periodicReporting': True, 'storeToFlash': False, 'reportingInterval': 15, 'numberOfCleanTSFs': 10, 'enabled': False}, 'apCloudAgentMemUtil': 80, 'periodicRebootEnabled': False, 'restart5GHzRadioConfig': {'noBeaconsXmitEnabled': True, 'consumedRatiosEnabled': True, 'errorRatios': 50, 'errorRatiosEnabled': True, 'consumedRatios': 90}, 'rebootEnabled': False, 'apCloudAgentCPUUtilEnabled': True, 'apCPUUtil': 90, 'bssidATH0DoesNotExist': True, 'apCloudAgentCPUUtil': 80, 'periodicRebootHourToRun': '2', 'rebootPresenceOfClient': True, 'bssidATH10DoesNotExist': True, 'apCloudAgentMemUtilEnabled': True, 'apCPUUtilEnabled': True, 'restart24GHzRadioConfig': {'noBeaconsXmitEnabled': True, 'rxCRCErrorRatioEnabled': True, 'rxCRCErrorRatio': 90, 'txFailedRetriesRatio': 90, 'txFailedRetriesRatioEnabled': True}, 'apMemUtil': 90}",False,True,True,0,False,60,-65,60,2,30,"{'100': 0, '40': 30, '20': 60, '60': 10, '-1': 0}",-80,AP,50000,True,-75,180,5,30,-71,True,30,1440,"{'lon': '-73.5550', 'name': 'Montreal, QC', 'baseurl': 'montreal.speedtest.netasservice.com:12865', 'country': 'Canada', 'sponsor': 'FON', 'ulpath': '/speedtest/upload.jsp', 'id': '4', 'lat': '45.5081', 'url2': 'http://montreal3.speedtest.telus.com/speedtest/upload.jsp', 'dlpath': '/speedtest/random4000x4000.jpg', 'cc': 'CA', 'host': 'montreal.speedtest.netasservice.com:12865'}","[{'lon': '-73.5550', 'name': 'Montreal, QC', 'baseurl': 'montreal.speedtest.netasservice.com:12865', 'country': 'Canada', 'sponsor': 'FON', 'ulpath': '/speedtest/upload.jsp', 'id': '4', 'lat': '45.5081', 'url2': 'http://montreal3.speedtest.telus.com/speedtest/upload.jsp', 'dlpath': '/speedtest/random4000x4000.jpg', 'cc': 'CA', 'host': 'montreal.speedtest.netasservice.com:12865'}]",ON,OFF,0,America/New_York,False,240,30,2,0.9,"{'zoneSety': 1, 'zoneSetz': 3, 'zoneSetx': 1}"
{'$oid': '5b71cd4e434b7dceeb42b670'},True,{'alarmNoise': -70},"{'includeClientDist': True, 'startTime': '2017-06-06 00:00:00', 'includeClusterConfig': True, 'endTime': '2017-10-10 23:59:59', 'includeChannelChange': True, 'includeChannelStats': True, 'reportEnabled': False, 'includeAPMapping': True, 'includeSteering': True, 'emailAddresses': 'john.cartmell@xcellair.com', 'includeManagedAPs': True, 'status': '', 'interval': 86400, 'includeNeighbors': True, 'includeAlarms': True, 'includeAPMemCPU': True, 'includeEvents': True}",5,-65,"{'ttydLocalIp': '104.239.213.29', 'expiryPeriodInMin': 30, 'ttydPublicIp': '104.239.213.29', 'ttydPortMin': 12001, 'ttydPortMax': 12999, 'publicSshPort': 222}",4,0.75,-65,True,0,0,-7,-25,0.1,0.1,5,False,"{'firmware': '1.4-20a-ZyXEL', 'apManufacturer': 'ZyXEL_EMG2926', 'time': '9', 'enabled': False, 'status': 'Complete@20180813'}",1,CA,2019-03-06 03:45:01,0,False,240,-55,-72,"{'password': 'xCellAir2017&1', 'csvRemoteDirectory': '/', 'apLogsRemoteDirectory': '/AP Logs', 'port': '21', 'apLogsEnable': False, 'passiveMode': False, 'csvEnable': True, 'username': 'xcellair', 'ipAddress': '192.95.32.204'}",False,50,True,5,40,False,0.75,00000000-0000-0000-0000-000000000000,False,50,00 00 02 * * *,True,"{'lsClientUpdateInt': 2, 'lsNumClients': 2, 'lsCongestion': 0.85, 'lsOwnChUsage': 0.45}","{'batchSize': 200, 'enabled': True, 'periodicity': 7}",Default ClusterConfig,-65,1,0,1,VendorA_customized,"[2417, 2422, 2427, 2432, 2442, 2447, 2452, 2457, 2467, 2472, 5260, 5300, 5280, 5320, 5500, 5520, 5540, 5560, 5580, 5620, 5600, 5640, 5680, 5660, 5700, 5825]","{'highDensityPowerBackoff': 5, 'clientsTotal': 4, 'clientLowRssiDb': -70, 'pwrCtrlInterval': 15, 'clientLowRssiRate': 66, 'pwrCtrlEnabled': False, 'highDensityAPNum': 4}","{'minTimeBetweenReboots': 1, 'periodicRebootEnabled': False, 'bssidATH0DoesNotExist': True, 'rebootEnabled': False, 'apMemUtilEnabled': True, 'apRebootLogConfig': {'storeToFlash': False, 'numberOfDirtyTSFs': 30, 'periodicReporting': True, 'enabled': False, 'reportingInterval': 15, 'serverDirectory': 'NGSCserver/apEntries/healthCheck/stats', 'flashDirectory': '/usr/config/diagnostic', 'reportingEnabled': True, 'numberOfCleanTSFs': 10, 'collectionPeriod': 30}, 'bssidATH10DoesNotExist': True, 'apCloudAgentCPUUtilEnabled': True, 'apCloudAgentMemUtilEnabled': True, 'restart24GHzRadioConfig': {'txFailedRetriesRatio': 90, 'noBeaconsXmitEnabled': True, 'rxCRCErrorRatio': 90, 'rxCRCErrorRatioEnabled': True, 'txFailedRetriesRatioEnabled': True}, 'rebootPresenceOfClient': True, 'apCloudAgentCPUUtil': 80, 'restart5GHzRadioConfig': {'errorRatios': 50, 'consumedRatiosEnabled': True, 'noBeaconsXmitEnabled': True, 'errorRatiosEnabled': True, 'consumedRatios': 90}, 'apCPUUtil': 90, 'apMemUtil': 90, 'periodicRebootHourToRun': '2', 'apCPUUtilEnabled': True, 'apCloudAgentMemUtil': 80}",False,True,True,0,False,60,-65,60,2,30,"{'-1': 0, '40': 30, '20': 60, '60': 10, '100': 0}",-80,AP,50000,True,-75,180,5,30,-71,True,30,1440,"{'ulpath': '/speedtest/upload.jsp', 'host': 'montreal.speedtest.netasservice.com:12865', 'url2': 'http://montreal3.speedtest.telus.com/speedtest/upload.jsp', 'lat': '45.5081', 'baseurl': 'montreal.speedtest.netasservice.com:12865', 'sponsor': 'FON', 'lon': '-73.5550', 'dlpath': '/speedtest/random4000x4000.jpg', 'id': '4', 'cc': 'CA', 'country': 'Canada', 'name': 'Montreal, QC'}","[{'ulpath': '/speedtest/upload.jsp', 'host': 'montreal.speedtest.netasservice.com:12865', 'url2': 'http://montreal3.speedtest.telus.com/speedtest/upload.jsp', 'lat': '45.5081', 'baseurl': 'montreal.speedtest.netasservice.com:12865', 'sponsor': 'FON', 'lon': '-73.5550', 'dlpath': '/speedtest/random4000x4000.jpg', 'id': '4', 'cc': 'CA', 'country': 'Canada', 'name': 'Montreal, QC'}]",ON,OFF,0,America/New_York,False,240,30,2,0.9,"{'zoneSetx': 1, 'zoneSety': 1, 'zoneSetz': 3}"
{'$oid': '5b71cd4e434b7dceeb42b670'},True,{'alarmNoise': -70},"{'includeChannelStats': True, 'includeAPMapping': True, 'includeAPMemCPU': True, 'startTime': '2017-06-06 00:00:00', 'includeAlarms': True, 'includeManagedAPs': True, 'emailAddresses': 'john.cartmell@xcellair.com', 'includeSteering': True, 'includeEvents': True, 'endTime': '2017-10-10 23:59:59', 'includeChannelChange': True, 'includeNeighbors': True, 'reportEnabled': False, 'includeClusterConfig': True, 'includeClientDist': True, 'interval': 86400, 'status': ''}",5,-65,"{'expiryPeriodInMin': 30, 'ttydPortMax': 12999, 'ttydLocalIp': '104.239.213.29', 'ttydPortMin': 12001, 'ttydPublicIp': '104.239.213.29', 'publicSshPort': 222}",4,0.75,-65,True,0,0,-7,-25,0.1,0.1,5,False,"{'time': '9', 'firmware': '1.4-20a-ZyXEL', 'apManufacturer': 'ZyXEL_EMG2926', 'status': 'Complete@20180813', 'enabled': False}",1,CA,2019-03-06 04:45:02,0,False,240,-55,-72,"{'apLogsEnable': False, 'ipAddress': '192.95.32.204', 'port': '21', 'csvRemoteDirectory': '/', 'passiveMode': False, 'apLogsRemoteDirectory': '/AP Logs', 'username': 'xcellair', 'csvEnable': True, 'password': 'xCellAir2017&1'}",False,50,True,5,40,False,0.75,00000000-0000-0000-0000-000000000000,False,50,00 00 02 * * *,True,"{'lsOwnChUsage': 0.45, 'lsClientUpdateInt': 2, 'lsCongestion': 0.85, 'lsNumClients': 2}","{'periodicity': 7, 'batchSize': 200, 'enabled': True}",Default ClusterConfig,-65,1,0,1,VendorA_customized,"[2417, 2422, 2427, 2432, 2442, 2447, 2452, 2457, 2467, 2472, 5260, 5300, 5280, 5320, 5500, 5520, 5540, 5560, 5580, 5620, 5600, 5640, 5680, 5660, 5700, 5825]","{'highDensityPowerBackoff': 5, 'clientLowRssiDb': -70, 'pwrCtrlInterval': 15, 'clientsTotal': 4, 'highDensityAPNum': 4, 'pwrCtrlEnabled': False, 'clientLowRssiRate': 66}","{'apCloudAgentMemUtilEnabled': True, 'periodicRebootHourToRun': '2', 'apMemUtil': 90, 'bssidATH0DoesNotExist': True, 'apCPUUtil': 90, 'rebootPresenceOfClient': True, 'restart5GHzRadioConfig': {'consumedRatiosEnabled': True, 'errorRatios': 50, 'errorRatiosEnabled': True, 'consumedRatios': 90, 'noBeaconsXmitEnabled': True}, 'apCloudAgentCPUUtil': 80, 'minTimeBetweenReboots': 1, 'bssidATH10DoesNotExist': True, 'apCloudAgentCPUUtilEnabled': True, 'periodicRebootEnabled': False, 'restart24GHzRadioConfig': {'rxCRCErrorRatioEnabled': True, 'rxCRCErrorRatio': 90, 'txFailedRetriesRatioEnabled': True, 'noBeaconsXmitEnabled': True, 'txFailedRetriesRatio': 90}, 'rebootEnabled': False, 'apMemUtilEnabled': True, 'apRebootLogConfig': {'flashDirectory': '/usr/config/diagnostic', 'numberOfDirtyTSFs': 30, 'reportingEnabled': True, 'reportingInterval': 15, 'storeToFlash': False, 'collectionPeriod': 30, 'numberOfCleanTSFs': 10, 'serverDirectory': 'NGSCserver/apEntries/healthCheck/stats', 'enabled': False, 'periodicReporting': True}, 'apCloudAgentMemUtil': 80, 'apCPUUtilEnabled': True}",False,True,True,0,False,60,-65,60,2,30,"{'-1': 0, '20': 60, '40': 30, '100': 0, '60': 10}",-80,AP,50000,True,-75,180,5,30,-71,True,30,1440,"{'ulpath': '/speedtest/upload.jsp', 'lat': '45.5081', 'name': 'Montreal, QC', 'cc': 'CA', 'dlpath': '/speedtest/random4000x4000.jpg', 'lon': '-73.5550', 'country': 'Canada', 'sponsor': 'FON', 'host': 'montreal.speedtest.netasservice.com:12865', 'baseurl': 'montreal.speedtest.netasservice.com:12865', 'id': '4', 'url2': 'http://montreal3.speedtest.telus.com/speedtest/upload.jsp'}","[{'ulpath': '/speedtest/upload.jsp', 'lat': '45.5081', 'name': 'Montreal, QC', 'cc': 'CA', 'dlpath': '/speedtest/random4000x4000.jpg', 'lon': '-73.5550', 'country': 'Canada', 'sponsor': 'FON', 'host': 'montreal.speedtest.netasservice.com:12865', 'baseurl': 'montreal.speedtest.netasservice.com:12865', 'id': '4', 'url2': 'http://montreal3.speedtest.telus.com/speedtest/upload.jsp'}]",ON,OFF,0,America/New_York,False,240,30,2,0.9,"{'zoneSety': 1, 'zoneSetx': 1, 'zoneSetz': 3}"
{'$oid': '5b71cd4e434b7dceeb42b670'},True,{'alarmNoise': -70},"{'includeAlarms': True, 'includeSteering': True, 'includeChannelChange': True, 'includeManagedAPs': True, 'includeClusterConfig': True, 'status': '', 'endTime': '2017-10-10 23:59:59', 'includeChannelStats': True, 'includeAPMapping': True, 'reportEnabled': False, 'includeNeighbors': True, 'includeClientDist': True, 'includeEvents': True, 'emailAddresses': 'john.cartmell@xcellair.com', 'interval': 86400, 'startTime': '2017-06-06 00:00:00', 'includeAPMemCPU': True}",5,-65,"{'ttydPortMin': 12001, 'expiryPeriodInMin': 30, 'ttydPortMax': 12999, 'ttydLocalIp': '104.239.213.29', 'publicSshPort': 222, 'ttydPublicIp': '104.239.213.29'}",4,0.75,-65,True,0,0,-7,-25,0.1,0.1,5,False,"{'firmware': '1.4-20a-ZyXEL', 'apManufacturer': 'ZyXEL_EMG2926', 'enabled': False, 'time': '9', 'status': 'Complete@20180813'}",1,CA,2019-03-06 05:45:01,0,False,240,-55,-72,"{'csvEnable': True, 'apLogsRemoteDirectory': '/AP Logs', 'ipAddress': '192.95.32.204', 'port': '21', 'csvRemoteDirectory': '/', 'username': 'xcellair', 'password': 'xCellAir2017&1', 'passiveMode': False, 'apLogsEnable': False}",False,50,True,5,40,False,0.75,00000000-0000-0000-0000-000000000000,False,50,00 00 02 * * *,True,"{'lsClientUpdateInt': 2, 'lsOwnChUsage': 0.45, 'lsCongestion': 0.85, 'lsNumClients': 2}","{'batchSize': 200, 'enabled': True, 'periodicity': 7}",Default ClusterConfig,-65,1,0,1,VendorA_customized,"[2417, 2422, 2427, 2432, 2442, 2447, 2452, 2457, 2467, 2472, 5260, 5300, 5280, 5320, 5500, 5520, 5540, 5560, 5580, 5620, 5600, 5640, 5680, 5660, 5700, 5825]","{'clientLowRssiRate': 66, 'pwrCtrlEnabled': False, 'clientLowRssiDb': -70, 'pwrCtrlInterval': 15, 'highDensityPowerBackoff': 5, 'highDensityAPNum': 4, 'clientsTotal': 4}","{'apCloudAgentMemUtilEnabled': True, 'periodicRebootHourToRun': '2', 'apMemUtil': 90, 'apCPUUtilEnabled': True, 'rebootEnabled': False, 'restart5GHzRadioConfig': {'consumedRatios': 90, 'noBeaconsXmitEnabled': True, 'consumedRatiosEnabled': True, 'errorRatios': 50, 'errorRatiosEnabled': True}, 'rebootPresenceOfClient': True, 'apCloudAgentMemUtil': 80, 'periodicRebootEnabled': False, 'apCPUUtil': 90, 'bssidATH10DoesNotExist': True, 'bssidATH0DoesNotExist': True, 'apMemUtilEnabled': True, 'minTimeBetweenReboots': 1, 'apRebootLogConfig': {'reportingInterval': 15, 'storeToFlash': False, 'periodicReporting': True, 'serverDirectory': 'NGSCserver/apEntries/healthCheck/stats', 'flashDirectory': '/usr/config/diagnostic', 'numberOfCleanTSFs': 10, 'collectionPeriod': 30, 'enabled': False, 'reportingEnabled': True, 'numberOfDirtyTSFs': 30}, 'apCloudAgentCPUUtilEnabled': True, 'apCloudAgentCPUUtil': 80, 'restart24GHzRadioConfig': {'rxCRCErrorRatio': 90, 'txFailedRetriesRatio': 90, 'noBeaconsXmitEnabled': True, 'rxCRCErrorRatioEnabled': True, 'txFailedRetriesRatioEnabled': True}}",False,True,True,0,False,60,-65,60,2,30,"{'20': 60, '100': 0, '60': 10, '-1': 0, '40': 30}",-80,AP,50000,True,-75,180,5,30,-71,True,30,1440,"{'baseurl': 'montreal.speedtest.netasservice.com:12865', 'cc': 'CA', 'url2': 'http://montreal3.speedtest.telus.com/speedtest/upload.jsp', 'country': 'Canada', 'lon': '-73.5550', 'host': 'montreal.speedtest.netasservice.com:12865', 'sponsor': 'FON', 'name': 'Montreal, QC', 'id': '4', 'lat': '45.5081', 'ulpath': '/speedtest/upload.jsp', 'dlpath': '/speedtest/random4000x4000.jpg'}","[{'baseurl': 'montreal.speedtest.netasservice.com:12865', 'cc': 'CA', 'url2': 'http://montreal3.speedtest.telus.com/speedtest/upload.jsp', 'country': 'Canada', 'lon': '-73.5550', 'host': 'montreal.speedtest.netasservice.com:12865', 'sponsor': 'FON', 'name': 'Montreal, QC', 'id': '4', 'lat': '45.5081', 'ulpath': '/speedtest/upload.jsp', 'dlpath': '/speedtest/random4000x4000.jpg'}]",ON,OFF,0,America/New_York,False,240,30,2,0.9,"{'zoneSetx': 1, 'zoneSetz': 3, 'zoneSety': 1}"
{'$oid': '5b71cd4e434b7dceeb42b670'},True,{'alarmNoise': -70},"{'includeEvents': True, 'includeChannelStats': True, 'interval': 86400, 'includeNeighbors': True, 'endTime': '2017-10-10 23:59:59', 'includeAPMapping': True, 'status': '', 'includeAlarms': True, 'includeAPMemCPU': True, 'includeSteering': True, 'emailAddresses': 'john.cartmell@xcellair.com', 'includeManagedAPs': True, 'includeClusterConfig': True, 'includeClientDist': True, 'reportEnabled': False, 'includeChannelChange': True, 'startTime': '2017-06-06 00:00:00'}",5,-65,"{'publicSshPort': 222, 'expiryPeriodInMin': 30, 'ttydPortMin': 12001, 'ttydLocalIp': '104.239.213.29', 'ttydPublicIp': '104.239.213.29', 'ttydPortMax': 12999}",4,0.75,-65,True,0,0,-7,-25,0.1,0.1,5,False,"{'enabled': False, 'firmware': '1.4-20a-ZyXEL', 'status': 'Complete@20180813', 'time': '9', 'apManufacturer': 'ZyXEL_EMG2926'}",1,CA,2019-03-06 06:45:01,0,False,240,-55,-72,"{'ipAddress': '192.95.32.204', 'csvEnable': True, 'password': 'xCellAir2017&1', 'apLogsRemoteDirectory': '/AP Logs', 'passiveMode': False, 'port': '21', 'csvRemoteDirectory': '/', 'username': 'xcellair', 'apLogsEnable': False}",False,50,True,5,40,False,0.75,00000000-0000-0000-0000-000000000000,False,50,00 00 02 * * *,True,"{'lsOwnChUsage': 0.45, 'lsClientUpdateInt': 2, 'lsCongestion': 0.85, 'lsNumClients': 2}","{'periodicity': 7, 'enabled': True, 'batchSize': 200}",Default ClusterConfig,-65,1,0,1,VendorA_customized,"[2417, 2422, 2427, 2432, 2442, 2447, 2452, 2457, 2467, 2472, 5260, 5300, 5280, 5320, 5500, 5520, 5540, 5560, 5580, 5620, 5600, 5640, 5680, 5660, 5700, 5825]","{'clientLowRssiRate': 66, 'highDensityPowerBackoff': 5, 'highDensityAPNum': 4, 'pwrCtrlEnabled': False, 'clientsTotal': 4, 'pwrCtrlInterval': 15, 'clientLowRssiDb': -70}","{'restart24GHzRadioConfig': {'txFailedRetriesRatio': 90, 'rxCRCErrorRatio': 90, 'rxCRCErrorRatioEnabled': True, 'txFailedRetriesRatioEnabled': True, 'noBeaconsXmitEnabled': True}, 'bssidATH10DoesNotExist': True, 'apRebootLogConfig': {'flashDirectory': '/usr/config/diagnostic', 'reportingInterval': 15, 'enabled': False, 'periodicReporting': True, 'reportingEnabled': True, 'serverDirectory': 'NGSCserver/apEntries/healthCheck/stats', 'numberOfCleanTSFs': 10, 'storeToFlash': False, 'numberOfDirtyTSFs': 30, 'collectionPeriod': 30}, 'rebootEnabled': False, 'apMemUtil': 90, 'rebootPresenceOfClient': True, 'apCPUUtilEnabled': True, 'bssidATH0DoesNotExist': True, 'apCloudAgentMemUtil': 80, 'apCloudAgentMemUtilEnabled': True, 'periodicRebootEnabled': False, 'apCPUUtil': 90, 'apCloudAgentCPUUtil': 80, 'apMemUtilEnabled': True, 'apCloudAgentCPUUtilEnabled': True, 'restart5GHzRadioConfig': {'errorRatiosEnabled': True, 'consumedRatios': 90, 'consumedRatiosEnabled': True, 'noBeaconsXmitEnabled': True, 'errorRatios': 50}, 'periodicRebootHourToRun': '2', 'minTimeBetweenReboots': 1}",False,True,True,0,False,60,-65,60,2,30,"{'100': 0, '60': 10, '20': 60, '40': 30, '-1': 0}",-80,AP,50000,True,-75,180,5,30,-71,True,30,1440,"{'sponsor': 'FON', 'dlpath': '/speedtest/random4000x4000.jpg', 'url2': 'http://montreal3.speedtest.telus.com/speedtest/upload.jsp', 'baseurl': 'montreal.speedtest.netasservice.com:12865', 'host': 'montreal.speedtest.netasservice.com:12865', 'ulpath': '/speedtest/upload.jsp', 'lon': '-73.5550', 'id': '4', 'name': 'Montreal, QC', 'cc': 'CA', 'lat': '45.5081', 'country': 'Canada'}","[{'sponsor': 'FON', 'dlpath': '/speedtest/random4000x4000.jpg', 'url2': 'http://montreal3.speedtest.telus.com/speedtest/upload.jsp', 'baseurl': 'montreal.speedtest.netasservice.com:12865', 'host': 'montreal.speedtest.netasservice.com:12865', 'ulpath': '/speedtest/upload.jsp', 'lon': '-73.5550', 'id': '4', 'name': 'Montreal, QC', 'cc': 'CA', 'lat': '45.5081', 'country': 'Canada'}]",ON,OFF,0,America/New_York,False,240,30,2,0.9,"{'zoneSetx': 1, 'zoneSetz': 3, 'zoneSety': 1}"
{'$oid': '5b71cd4e434b7dceeb42b670'},True,{'alarmNoise': -70},"{'interval': 86400, 'includeAlarms': True, 'status': '', 'endTime': '2017-10-10 23:59:59', 'reportEnabled': False, 'includeAPMapping': True, 'includeEvents': True, 'includeClusterConfig': True, 'includeChannelChange': True, 'includeSteering': True, 'emailAddresses': 'john.cartmell@xcellair.com', 'includeManagedAPs': True, 'includeClientDist': True, 'includeNeighbors': True, 'startTime': '2017-06-06 00:00:00', 'includeAPMemCPU': True, 'includeChannelStats': True}",5,-65,"{'ttydPublicIp': '104.239.213.29', 'ttydPortMax': 12999, 'expiryPeriodInMin': 30, 'publicSshPort': 222, 'ttydPortMin': 12001, 'ttydLocalIp': '104.239.213.29'}",4,0.75,-65,True,0,0,-7,-25,0.1,0.1,5,False,"{'apManufacturer': 'ZyXEL_EMG2926', 'enabled': False, 'status': 'Complete@20180813', 'firmware': '1.4-20a-ZyXEL', 'time': '9'}",1,CA,2019-03-06 07:45:01,0,False,240,-55,-72,"{'apLogsEnable': False, 'csvRemoteDirectory': '/', 'passiveMode': False, 'csvEnable': True, 'username': 'xcellair', 'port': '21', 'password': 'xCellAir2017&1', 'ipAddress': '192.95.32.204', 'apLogsRemoteDirectory': '/AP Logs'}",False,50,True,5,40,False,0.75,00000000-0000-0000-0000-000000000000,False,50,00 00 02 * * *,True,"{'lsClientUpdateInt': 2, 'lsNumClients': 2, 'lsOwnChUsage': 0.45, 'lsCongestion': 0.85}","{'periodicity': 7, 'batchSize': 200, 'enabled': True}",Default ClusterConfig,-65,1,0,1,VendorA_customized,"[2417, 2422, 2427, 2432, 2442, 2447, 2452, 2457, 2467, 2472, 5260, 5300, 5280, 5320, 5500, 5520, 5540, 5560, 5580, 5620, 5600, 5640, 5680, 5660, 5700, 5825]","{'clientLowRssiDb': -70, 'pwrCtrlInterval': 15, 'pwrCtrlEnabled': False, 'clientsTotal': 4, 'highDensityPowerBackoff': 5, 'highDensityAPNum': 4, 'clientLowRssiRate': 66}","{'apCloudAgentCPUUtil': 80, 'restart5GHzRadioConfig': {'errorRatiosEnabled': True, 'noBeaconsXmitEnabled': True, 'consumedRatios': 90, 'consumedRatiosEnabled': True, 'errorRatios': 50}, 'apCPUUtilEnabled': True, 'bssidATH10DoesNotExist': True, 'apCloudAgentCPUUtilEnabled': True, 'apCPUUtil': 90, 'rebootEnabled': False, 'apMemUtil': 90, 'bssidATH0DoesNotExist': True, 'restart24GHzRadioConfig': {'rxCRCErrorRatio': 90, 'rxCRCErrorRatioEnabled': True, 'noBeaconsXmitEnabled': True, 'txFailedRetriesRatio': 90, 'txFailedRetriesRatioEnabled': True}, 'apCloudAgentMemUtilEnabled': True, 'apRebootLogConfig': {'enabled': False, 'periodicReporting': True, 'collectionPeriod': 30, 'serverDirectory': 'NGSCserver/apEntries/healthCheck/stats', 'flashDirectory': '/usr/config/diagnostic', 'numberOfCleanTSFs': 10, 'reportingEnabled': True, 'reportingInterval': 15, 'numberOfDirtyTSFs': 30, 'storeToFlash': False}, 'minTimeBetweenReboots': 1, 'apMemUtilEnabled': True, 'periodicRebootEnabled': False, 'periodicRebootHourToRun': '2', 'rebootPresenceOfClient': True, 'apCloudAgentMemUtil': 80}",False,True,True,0,False,60,-65,60,2,30,"{'20': 60, '40': 30, '-1': 0, '100': 0, '60': 10}",-80,AP,50000,True,-75,180,5,30,-71,True,30,1440,"{'cc': 'CA', 'lon': '-73.5550', 'name': 'Montreal, QC', 'sponsor': 'FON', 'country': 'Canada', 'ulpath': '/speedtest/upload.jsp', 'id': '4', 'lat': '45.5081', 'url2': 'http://montreal3.speedtest.telus.com/speedtest/upload.jsp', 'host': 'montreal.speedtest.netasservice.com:12865', 'dlpath': '/speedtest/random4000x4000.jpg', 'baseurl': 'montreal.speedtest.netasservice.com:12865'}","[{'cc': 'CA', 'lon': '-73.5550', 'name': 'Montreal, QC', 'sponsor': 'FON', 'country': 'Canada', 'ulpath': '/speedtest/upload.jsp', 'id': '4', 'lat': '45.5081', 'url2': 'http://montreal3.speedtest.telus.com/speedtest/upload.jsp', 'host': 'montreal.speedtest.netasservice.com:12865', 'dlpath': '/speedtest/random4000x4000.jpg', 'baseurl': 'montreal.speedtest.netasservice.com:12865'}]",ON,OFF,0,America/New_York,False,240,30,2,0.9,"{'zoneSety': 1, 'zoneSetx': 1, 'zoneSetz': 3}"
{'$oid': '5b71cd4e434b7dceeb42b670'},True,{'alarmNoise': -70},"{'includeManagedAPs': True, 'status': '', 'interval': 86400, 'includeChannelStats': True, 'includeSteering': True, 'emailAddresses': 'john.cartmell@xcellair.com', 'includeAlarms': True, 'includeEvents': True, 'includeNeighbors': True, 'reportEnabled': False, 'startTime': '2017-06-06 00:00:00', 'includeAPMemCPU': True, 'includeAPMapping': True, 'includeClusterConfig': True, 'includeChannelChange': True, 'includeClientDist': True, 'endTime': '2017-10-10 23:59:59'}",5,-65,"{'ttydPortMin': 12001, 'ttydPortMax': 12999, 'expiryPeriodInMin': 30, 'ttydPublicIp': '104.239.213.29', 'publicSshPort': 222, 'ttydLocalIp': '104.239.213.29'}",4,0.75,-65,True,0,0,-7,-25,0.1,0.1,5,False,"{'status': 'Complete@20180813', 'time': '9', 'firmware': '1.4-20a-ZyXEL', 'apManufacturer': 'ZyXEL_EMG2926', 'enabled': False}",1,CA,2019-03-06 08:45:01,0,False,240,-55,-72,"{'csvEnable': True, 'passiveMode': False, 'ipAddress': '192.95.32.204', 'apLogsEnable': False, 'apLogsRemoteDirectory': '/AP Logs', 'csvRemoteDirectory': '/', 'port': '21', 'password': 'xCellAir2017&1', 'username': 'xcellair'}",False,50,True,5,40,False,0.75,00000000-0000-0000-0000-000000000000,False,50,00 00 02 * * *,True,"{'lsNumClients': 2, 'lsCongestion': 0.85, 'lsOwnChUsage': 0.45, 'lsClientUpdateInt': 2}","{'batchSize': 200, 'enabled': True, 'periodicity': 7}",Default ClusterConfig,-65,1,0,1,VendorA_customized,"[2417, 2422, 2427, 2432, 2442, 2447, 2452, 2457, 2467, 2472, 5260, 5300, 5280, 5320, 5500, 5520, 5540, 5560, 5580, 5620, 5600, 5640, 5680, 5660, 5700, 5825]","{'clientLowRssiDb': -70, 'highDensityAPNum': 4, 'highDensityPowerBackoff': 5, 'pwrCtrlEnabled': False, 'clientLowRssiRate': 66, 'clientsTotal': 4, 'pwrCtrlInterval': 15}","{'bssidATH10DoesNotExist': True, 'bssidATH0DoesNotExist': True, 'restart24GHzRadioConfig': {'noBeaconsXmitEnabled': True, 'rxCRCErrorRatio': 90, 'rxCRCErrorRatioEnabled': True, 'txFailedRetriesRatio': 90, 'txFailedRetriesRatioEnabled': True}, 'apCPUUtilEnabled': True, 'apCloudAgentMemUtil': 80, 'rebootPresenceOfClient': True, 'restart5GHzRadioConfig': {'consumedRatiosEnabled': True, 'noBeaconsXmitEnabled': True, 'errorRatios': 50, 'errorRatiosEnabled': True, 'consumedRatios': 90}, 'apMemUtilEnabled': True, 'rebootEnabled': False, 'apCloudAgentMemUtilEnabled': True, 'apCPUUtil': 90, 'apCloudAgentCPUUtilEnabled': True, 'apMemUtil': 90, 'periodicRebootEnabled': False, 'apRebootLogConfig': {'collectionPeriod': 30, 'numberOfDirtyTSFs': 30, 'enabled': False, 'periodicReporting': True, 'reportingEnabled': True, 'reportingInterval': 15, 'storeToFlash': False, 'serverDirectory': 'NGSCserver/apEntries/healthCheck/stats', 'numberOfCleanTSFs': 10, 'flashDirectory': '/usr/config/diagnostic'}, 'minTimeBetweenReboots': 1, 'apCloudAgentCPUUtil': 80, 'periodicRebootHourToRun': '2'}",False,True,True,0,False,60,-65,60,2,30,"{'-1': 0, '20': 60, '40': 30, '60': 10, '100': 0}",-80,AP,50000,True,-75,180,5,30,-71,True,30,1440,"{'sponsor': 'FON', 'lat': '45.5081', 'baseurl': 'montreal.speedtest.netasservice.com:12865', 'id': '4', 'url2': 'http://montreal3.speedtest.telus.com/speedtest/upload.jsp', 'host': 'montreal.speedtest.netasservice.com:12865', 'country': 'Canada', 'ulpath': '/speedtest/upload.jsp', 'lon': '-73.5550', 'cc': 'CA', 'name': 'Montreal, QC', 'dlpath': '/speedtest/random4000x4000.jpg'}","[{'sponsor': 'FON', 'lat': '45.5081', 'baseurl': 'montreal.speedtest.netasservice.com:12865', 'id': '4', 'url2': 'http://montreal3.speedtest.telus.com/speedtest/upload.jsp', 'host': 'montreal.speedtest.netasservice.com:12865', 'country': 'Canada', 'ulpath': '/speedtest/upload.jsp', 'lon': '-73.5550', 'cc': 'CA', 'name': 'Montreal, QC', 'dlpath': '/speedtest/random4000x4000.jpg'}]",ON,OFF,0,America/New_York,False,240,30,2,0.9,"{'zoneSetx': 1, 'zoneSety': 1, 'zoneSetz': 3}"
{'$oid': '5b71cd4e434b7dceeb42b670'},True,{'alarmNoise': -70},"{'includeManagedAPs': True, 'interval': 86400, 'endTime': '2017-10-10 23:59:59', 'includeAPMemCPU': True, 'includeAPMapping': True, 'includeEvents': True, 'includeAlarms': True, 'includeNeighbors': True, 'reportEnabled': False, 'includeChannelChange': True, 'includeClusterConfig': True, 'includeClientDist': True, 'includeSteering': True, 'emailAddresses': 'john.cartmell@xcellair.com', 'startTime': '2017-06-06 00:00:00', 'status': '', 'includeChannelStats': True}",5,-65,"{'ttydPublicIp': '104.239.213.29', 'ttydLocalIp': '104.239.213.29', 'ttydPortMin': 12001, 'ttydPortMax': 12999, 'publicSshPort': 222, 'expiryPeriodInMin': 30}",4,0.75,-65,True,0,0,-7,-25,0.1,0.1,5,False,"{'enabled': False, 'time': '9', 'status': 'Complete@20180813', 'firmware': '1.4-20a-ZyXEL', 'apManufacturer': 'ZyXEL_EMG2926'}",1,CA,2019-03-06 09:45:01,0,False,240,-55,-72,"{'passiveMode': False, 'username': 'xcellair', 'apLogsEnable': False, 'apLogsRemoteDirectory': '/AP Logs', 'port': '21', 'csvEnable': True, 'password': 'xCellAir2017&1', 'ipAddress': '192.95.32.204', 'csvRemoteDirectory': '/'}",False,50,True,5,40,False,0.75,00000000-0000-0000-0000-000000000000,False,50,00 00 02 * * *,True,"{'lsOwnChUsage': 0.45, 'lsNumClients': 2, 'lsCongestion': 0.85, 'lsClientUpdateInt': 2}","{'enabled': True, 'batchSize': 200, 'periodicity': 7}",Default ClusterConfig,-65,1,0,1,VendorA_customized,"[2417, 2422, 2427, 2432, 2442, 2447, 2452, 2457, 2467, 2472, 5260, 5300, 5280, 5320, 5500, 5520, 5540, 5560, 5580, 5620, 5600, 5640, 5680, 5660, 5700, 5825]","{'highDensityPowerBackoff': 5, 'clientLowRssiRate': 66, 'highDensityAPNum': 4, 'clientLowRssiDb': -70, 'pwrCtrlInterval': 15, 'pwrCtrlEnabled': False, 'clientsTotal': 4}","{'periodicRebootHourToRun': '2', 'bssidATH10DoesNotExist': True, 'restart5GHzRadioConfig': {'consumedRatios': 90, 'noBeaconsXmitEnabled': True, 'consumedRatiosEnabled': True, 'errorRatios': 50, 'errorRatiosEnabled': True}, 'apCloudAgentCPUUtilEnabled': True, 'apCPUUtilEnabled': True, 'apCloudAgentMemUtil': 80, 'minTimeBetweenReboots': 1, 'apMemUtilEnabled': True, 'apMemUtil': 90, 'apCPUUtil': 90, 'bssidATH0DoesNotExist': True, 'apCloudAgentMemUtilEnabled': True, 'apRebootLogConfig': {'enabled': False, 'reportingEnabled': True, 'numberOfCleanTSFs': 10, 'periodicReporting': True, 'numberOfDirtyTSFs': 30, 'flashDirectory': '/usr/config/diagnostic', 'reportingInterval': 15, 'serverDirectory': 'NGSCserver/apEntries/healthCheck/stats', 'collectionPeriod': 30, 'storeToFlash': False}, 'periodicRebootEnabled': False, 'rebootEnabled': False, 'apCloudAgentCPUUtil': 80, 'restart24GHzRadioConfig': {'noBeaconsXmitEnabled': True, 'txFailedRetriesRatioEnabled': True, 'rxCRCErrorRatioEnabled': True, 'txFailedRetriesRatio': 90, 'rxCRCErrorRatio': 90}, 'rebootPresenceOfClient': True}",False,True,True,0,False,60,-65,60,2,30,"{'60': 10, '100': 0, '-1': 0, '40': 30, '20': 60}",-80,AP,50000,True,-75,180,5,30,-71,True,30,1440,"{'ulpath': '/speedtest/upload.jsp', 'cc': 'CA', 'country': 'Canada', 'sponsor': 'FON', 'name': 'Montreal, QC', 'host': 'montreal.speedtest.netasservice.com:12865', 'id': '4', 'baseurl': 'montreal.speedtest.netasservice.com:12865', 'lon': '-73.5550', 'lat': '45.5081', 'dlpath': '/speedtest/random4000x4000.jpg', 'url2': 'http://montreal3.speedtest.telus.com/speedtest/upload.jsp'}","[{'ulpath': '/speedtest/upload.jsp', 'cc': 'CA', 'country': 'Canada', 'sponsor': 'FON', 'name': 'Montreal, QC', 'host': 'montreal.speedtest.netasservice.com:12865', 'id': '4', 'baseurl': 'montreal.speedtest.netasservice.com:12865', 'lon': '-73.5550', 'lat': '45.5081', 'dlpath': '/speedtest/random4000x4000.jpg', 'url2': 'http://montreal3.speedtest.telus.com/speedtest/upload.jsp'}]",ON,OFF,0,America/New_York,False,240,30,2,0.9,"{'zoneSety': 1, 'zoneSetz': 3, 'zoneSetx': 1}"
{'$oid': '5b71cd4e434b7dceeb42b670'},True,{'alarmNoise': -70},"{'includeClientDist': True, 'includeEvents': True, 'includeChannelStats': True, 'status': '', 'endTime': '2017-10-10 23:59:59', 'includeAlarms': True, 'interval': 86400, 'includeSteering': True, 'includeNeighbors': True, 'includeClusterConfig': True, 'emailAddresses': 'john.cartmell@xcellair.com', 'includeAPMapping': True, 'includeChannelChange': True, 'reportEnabled': False, 'includeManagedAPs': True, 'includeAPMemCPU': True, 'startTime': '2017-06-06 00:00:00'}",5,-65,"{'ttydPortMax': 12999, 'ttydPublicIp': '104.239.213.29', 'publicSshPort': 222, 'ttydPortMin': 12001, 'expiryPeriodInMin': 30, 'ttydLocalIp': '104.239.213.29'}",4,0.75,-65,True,0,0,-7,-25,0.1,0.1,5,False,"{'enabled': False, 'status': 'Complete@20180813', 'time': '9', 'firmware': '1.4-20a-ZyXEL', 'apManufacturer': 'ZyXEL_EMG2926'}",1,CA,2019-03-06 10:45:01,0,False,240,-55,-72,"{'csvRemoteDirectory': '/', 'password': 'xCellAir2017&1', 'csvEnable': True, 'apLogsRemoteDirectory': '/AP Logs', 'apLogsEnable': False, 'passiveMode': False, 'username': 'xcellair', 'port': '21', 'ipAddress': '192.95.32.204'}",False,50,True,5,40,False,0.75,00000000-0000-0000-0000-000000000000,False,50,00 00 02 * * *,True,"{'lsCongestion': 0.85, 'lsClientUpdateInt': 2, 'lsOwnChUsage': 0.45, 'lsNumClients': 2}","{'batchSize': 200, 'periodicity': 7, 'enabled': True}",Default ClusterConfig,-65,1,0,1,VendorA_customized,"[2417, 2422, 2427, 2432, 2442, 2447, 2452, 2457, 2467, 2472, 5260, 5300, 5280, 5320, 5500, 5520, 5540, 5560, 5580, 5620, 5600, 5640, 5680, 5660, 5700, 5825]","{'pwrCtrlEnabled': False, 'clientsTotal': 4, 'pwrCtrlInterval': 15, 'clientLowRssiRate': 66, 'clientLowRssiDb': -70, 'highDensityAPNum': 4, 'highDensityPowerBackoff': 5}","{'periodicRebootHourToRun': '2', 'apCPUUtil': 90, 'bssidATH0DoesNotExist': True, 'rebootEnabled': False, 'periodicRebootEnabled': False, 'restart24GHzRadioConfig': {'txFailedRetriesRatioEnabled': True, 'rxCRCErrorRatio': 90, 'txFailedRetriesRatio': 90, 'noBeaconsXmitEnabled': True, 'rxCRCErrorRatioEnabled': True}, 'bssidATH10DoesNotExist': True, 'minTimeBetweenReboots': 1, 'restart5GHzRadioConfig': {'errorRatiosEnabled': True, 'consumedRatios': 90, 'noBeaconsXmitEnabled': True, 'errorRatios': 50, 'consumedRatiosEnabled': True}, 'apCloudAgentMemUtilEnabled': True, 'apCPUUtilEnabled': True, 'apCloudAgentCPUUtil': 80, 'apMemUtil': 90, 'rebootPresenceOfClient': True, 'apMemUtilEnabled': True, 'apCloudAgentCPUUtilEnabled': True, 'apRebootLogConfig': {'reportingInterval': 15, 'periodicReporting': True, 'reportingEnabled': True, 'numberOfDirtyTSFs': 30, 'collectionPeriod': 30, 'enabled': False, 'flashDirectory': '/usr/config/diagnostic', 'storeToFlash': False, 'serverDirectory': 'NGSCserver/apEntries/healthCheck/stats', 'numberOfCleanTSFs': 10}, 'apCloudAgentMemUtil': 80}",False,True,True,0,False,60,-65,60,2,30,"{'-1': 0, '40': 30, '60': 10, '100': 0, '20': 60}",-80,AP,50000,True,-75,180,5,30,-71,True,30,1440,"{'url2': 'http://montreal3.speedtest.telus.com/speedtest/upload.jsp', 'ulpath': '/speedtest/upload.jsp', 'host': 'montreal.speedtest.netasservice.com:12865', 'name': 'Montreal, QC', 'country': 'Canada', 'lat': '45.5081', 'lon': '-73.5550', 'cc': 'CA', 'dlpath': '/speedtest/random4000x4000.jpg', 'baseurl': 'montreal.speedtest.netasservice.com:12865', 'sponsor': 'FON', 'id': '4'}","[{'url2': 'http://montreal3.speedtest.telus.com/speedtest/upload.jsp', 'ulpath': '/speedtest/upload.jsp', 'host': 'montreal.speedtest.netasservice.com:12865', 'name': 'Montreal, QC', 'country': 'Canada', 'lat': '45.5081', 'lon': '-73.5550', 'cc': 'CA', 'dlpath': '/speedtest/random4000x4000.jpg', 'baseurl': 'montreal.speedtest.netasservice.com:12865', 'sponsor': 'FON', 'id': '4'}]",ON,OFF,0,America/New_York,False,240,30,2,0.9,"{'zoneSety': 1, 'zoneSetx': 1, 'zoneSetz': 3}"
{'$oid': '5b71cd4e434b7dceeb42b670'},True,{'alarmNoise': -70},"{'includeClientDist': True, 'emailAddresses': 'john.cartmell@xcellair.com', 'endTime': '2017-10-10 23:59:59', 'includeNeighbors': True, 'includeSteering': True, 'status': '', 'reportEnabled': False, 'includeAPMapping': True, 'includeManagedAPs': True, 'includeEvents': True, 'includeChannelChange': True, 'interval': 86400, 'includeClusterConfig': True, 'startTime': '2017-06-06 00:00:00', 'includeChannelStats': True, 'includeAlarms': True, 'includeAPMemCPU': True}",5,-65,"{'expiryPeriodInMin': 30, 'ttydPortMin': 12001, 'ttydPortMax': 12999, 'ttydLocalIp': '104.239.213.29', 'ttydPublicIp': '104.239.213.29', 'publicSshPort': 222}",4,0.75,-65,True,0,0,-7,-25,0.1,0.1,5,False,"{'enabled': False, 'time': '9', 'status': 'Complete@20180813', 'apManufacturer': 'ZyXEL_EMG2926', 'firmware': '1.4-20a-ZyXEL'}",1,CA,2019-03-06 11:45:01,0,False,240,-55,-72,"{'csvEnable': True, 'password': 'xCellAir2017&1', 'ipAddress': '192.95.32.204', 'username': 'xcellair', 'port': '21', 'apLogsEnable': False, 'csvRemoteDirectory': '/', 'passiveMode': False, 'apLogsRemoteDirectory': '/AP Logs'}",False,50,True,5,40,False,0.75,00000000-0000-0000-0000-000000000000,False,50,00 00 02 * * *,True,"{'lsCongestion': 0.85, 'lsClientUpdateInt': 2, 'lsOwnChUsage': 0.45, 'lsNumClients': 2}","{'periodicity': 7, 'batchSize': 200, 'enabled': True}",Default ClusterConfig,-65,1,0,1,VendorA_customized,"[2417, 2422, 2427, 2432, 2442, 2447, 2452, 2457, 2467, 2472, 5260, 5300, 5280, 5320, 5500, 5520, 5540, 5560, 5580, 5620, 5600, 5640, 5680, 5660, 5700, 5825]","{'highDensityPowerBackoff': 5, 'pwrCtrlEnabled': False, 'clientLowRssiDb': -70, 'pwrCtrlInterval': 15, 'clientsTotal': 4, 'highDensityAPNum': 4, 'clientLowRssiRate': 66}","{'minTimeBetweenReboots': 1, 'bssidATH10DoesNotExist': True, 'apCPUUtil': 90, 'apCloudAgentMemUtilEnabled': True, 'periodicRebootEnabled': False, 'restart5GHzRadioConfig': {'noBeaconsXmitEnabled': True, 'consumedRatios': 90, 'errorRatiosEnabled': True, 'errorRatios': 50, 'consumedRatiosEnabled': True}, 'periodicRebootHourToRun': '2', 'apRebootLogConfig': {'reportingInterval': 15, 'serverDirectory': 'NGSCserver/apEntries/healthCheck/stats', 'numberOfDirtyTSFs': 30, 'storeToFlash': False, 'numberOfCleanTSFs': 10, 'periodicReporting': True, 'flashDirectory': '/usr/config/diagnostic', 'enabled': False, 'reportingEnabled': True, 'collectionPeriod': 30}, 'apMemUtil': 90, 'apCloudAgentCPUUtil': 80, 'apCloudAgentCPUUtilEnabled': True, 'apCPUUtilEnabled': True, 'restart24GHzRadioConfig': {'noBeaconsXmitEnabled': True, 'rxCRCErrorRatio': 90, 'txFailedRetriesRatioEnabled': True, 'txFailedRetriesRatio': 90, 'rxCRCErrorRatioEnabled': True}, 'bssidATH0DoesNotExist': True, 'apCloudAgentMemUtil': 80, 'apMemUtilEnabled': True, 'rebootEnabled': False, 'rebootPresenceOfClient': True}",False,True,True,0,False,60,-65,60,2,30,"{'-1': 0, '40': 30, '20': 60, '100': 0, '60': 10}",-80,AP,50000,True,-75,180,5,30,-71,True,30,1440,"{'ulpath': '/speedtest/upload.jsp', 'country': 'Canada', 'sponsor': 'FON', 'cc': 'CA', 'lat': '45.5081', 'id': '4', 'lon': '-73.5550', 'url2': 'http://montreal3.speedtest.telus.com/speedtest/upload.jsp', 'dlpath': '/speedtest/random4000x4000.jpg', 'host': 'montreal.speedtest.netasservice.com:12865', 'baseurl': 'montreal.speedtest.netasservice.com:12865', 'name': 'Montreal, QC'}","[{'ulpath': '/speedtest/upload.jsp', 'country': 'Canada', 'sponsor': 'FON', 'cc': 'CA', 'lat': '45.5081', 'id': '4', 'lon': '-73.5550', 'url2': 'http://montreal3.speedtest.telus.com/speedtest/upload.jsp', 'dlpath': '/speedtest/random4000x4000.jpg', 'host': 'montreal.speedtest.netasservice.com:12865', 'baseurl': 'montreal.speedtest.netasservice.com:12865', 'name': 'Montreal, QC'}]",ON,OFF,0,America/New_York,False,240,30,2,0.9,"{'zoneSetz': 3, 'zoneSety': 1, 'zoneSetx': 1}"
{'$oid': '5b71cd4e434b7dceeb42b670'},True,{'alarmNoise': -70},"{'includeAPMapping': True, 'status': '', 'includeClusterConfig': True, 'includeEvents': True, 'endTime': '2017-10-10 23:59:59', 'includeNeighbors': True, 'includeManagedAPs': True, 'includeAlarms': True, 'includeChannelChange': True, 'includeSteering': True, 'includeChannelStats': True, 'startTime': '2017-06-06 00:00:00', 'interval': 86400, 'includeClientDist': True, 'includeAPMemCPU': True, 'reportEnabled': False, 'emailAddresses': 'john.cartmell@xcellair.com'}",5,-65,"{'publicSshPort': 222, 'ttydPublicIp': '104.239.213.29', 'expiryPeriodInMin': 30, 'ttydPortMax': 12999, 'ttydPortMin': 12001, 'ttydLocalIp': '104.239.213.29'}",4,0.75,-65,True,0,0,-7,-25,0.1,0.1,5,False,"{'apManufacturer': 'ZyXEL_EMG2926', 'status': 'Complete@20180813', 'time': '9', 'enabled': False, 'firmware': '1.4-20a-ZyXEL'}",1,CA,2019-03-06 12:45:01,0,False,240,-55,-72,"{'port': '21', 'passiveMode': False, 'apLogsEnable': False, 'csvEnable': True, 'apLogsRemoteDirectory': '/AP Logs', 'csvRemoteDirectory': '/', 'password': 'xCellAir2017&1', 'ipAddress': '192.95.32.204', 'username': 'xcellair'}",False,50,True,5,40,False,0.75,00000000-0000-0000-0000-000000000000,False,50,00 00 02 * * *,True,"{'lsCongestion': 0.85, 'lsOwnChUsage': 0.45, 'lsClientUpdateInt': 2, 'lsNumClients': 2}","{'batchSize': 200, 'periodicity': 7, 'enabled': True}",Default ClusterConfig,-65,1,0,1,VendorA_customized,"[2417, 2422, 2427, 2432, 2442, 2447, 2452, 2457, 2467, 2472, 5260, 5300, 5280, 5320, 5500, 5520, 5540, 5560, 5580, 5620, 5600, 5640, 5680, 5660, 5700, 5825]","{'highDensityAPNum': 4, 'clientsTotal': 4, 'pwrCtrlInterval': 15, 'highDensityPowerBackoff': 5, 'clientLowRssiDb': -70, 'pwrCtrlEnabled': False, 'clientLowRssiRate': 66}","{'apCloudAgentMemUtil': 80, 'apCloudAgentCPUUtil': 80, 'apCPUUtil': 90, 'restart5GHzRadioConfig': {'errorRatios': 50, 'consumedRatios': 90, 'noBeaconsXmitEnabled': True, 'errorRatiosEnabled': True, 'consumedRatiosEnabled': True}, 'periodicRebootHourToRun': '2', 'apCloudAgentCPUUtilEnabled': True, 'apMemUtil': 90, 'apCloudAgentMemUtilEnabled': True, 'restart24GHzRadioConfig': {'txFailedRetriesRatio': 90, 'rxCRCErrorRatioEnabled': True, 'noBeaconsXmitEnabled': True, 'rxCRCErrorRatio': 90, 'txFailedRetriesRatioEnabled': True}, 'rebootPresenceOfClient': True, 'periodicRebootEnabled': False, 'bssidATH10DoesNotExist': True, 'apRebootLogConfig': {'storeToFlash': False, 'reportingInterval': 15, 'collectionPeriod': 30, 'enabled': False, 'serverDirectory': 'NGSCserver/apEntries/healthCheck/stats', 'reportingEnabled': True, 'numberOfCleanTSFs': 10, 'periodicReporting': True, 'numberOfDirtyTSFs': 30, 'flashDirectory': '/usr/config/diagnostic'}, 'bssidATH0DoesNotExist': True, 'minTimeBetweenReboots': 1, 'apCPUUtilEnabled': True, 'rebootEnabled': False, 'apMemUtilEnabled': True}",False,True,True,0,False,60,-65,60,2,30,"{'20': 60, '60': 10, '100': 0, '-1': 0, '40': 30}",-80,AP,50000,True,-75,180,5,30,-71,True,30,1440,"{'id': '4', 'sponsor': 'FON', 'lon': '-73.5550', 'ulpath': '/speedtest/upload.jsp', 'name': 'Montreal, QC', 'url2': 'http://montreal3.speedtest.telus.com/speedtest/upload.jsp', 'lat': '45.5081', 'host': 'montreal.speedtest.netasservice.com:12865', 'baseurl': 'montreal.speedtest.netasservice.com:12865', 'cc': 'CA', 'country': 'Canada', 'dlpath': '/speedtest/random4000x4000.jpg'}","[{'id': '4', 'sponsor': 'FON', 'lon': '-73.5550', 'ulpath': '/speedtest/upload.jsp', 'name': 'Montreal, QC', 'url2': 'http://montreal3.speedtest.telus.com/speedtest/upload.jsp', 'lat': '45.5081', 'host': 'montreal.speedtest.netasservice.com:12865', 'baseurl': 'montreal.speedtest.netasservice.com:12865', 'cc': 'CA', 'country': 'Canada', 'dlpath': '/speedtest/random4000x4000.jpg'}]",ON,OFF,0,America/New_York,False,240,30,2,0.9,"{'zoneSety': 1, 'zoneSetx': 1, 'zoneSetz': 3}"
{'$oid': '5b71cd4e434b7dceeb42b670'},True,{'alarmNoise': -70},"{'includeAPMapping': True, 'includeEvents': True, 'includeChannelStats': True, 'startTime': '2017-06-06 00:00:00', 'includeChannelChange': True, 'includeNeighbors': True, 'includeClusterConfig': True, 'status': '', 'emailAddresses': 'john.cartmell@xcellair.com', 'includeSteering': True, 'includeAPMemCPU': True, 'includeManagedAPs': True, 'includeAlarms': True, 'includeClientDist': True, 'endTime': '2017-10-10 23:59:59', 'interval': 86400, 'reportEnabled': False}",5,-65,"{'ttydPortMax': 12999, 'ttydPublicIp': '104.239.213.29', 'expiryPeriodInMin': 30, 'ttydPortMin': 12001, 'publicSshPort': 222, 'ttydLocalIp': '104.239.213.29'}",4,0.75,-65,True,0,0,-7,-25,0.1,0.1,5,False,"{'apManufacturer': 'ZyXEL_EMG2926', 'firmware': '1.4-20a-ZyXEL', 'status': 'Complete@20180813', 'time': '9', 'enabled': False}",1,CA,2019-03-06 13:45:01,0,False,240,-55,-72,"{'passiveMode': False, 'port': '21', 'csvRemoteDirectory': '/', 'username': 'xcellair', 'apLogsRemoteDirectory': '/AP Logs', 'apLogsEnable': False, 'ipAddress': '192.95.32.204', 'csvEnable': True, 'password': 'xCellAir2017&1'}",False,50,True,5,40,False,0.75,00000000-0000-0000-0000-000000000000,False,50,00 00 02 * * *,True,"{'lsCongestion': 0.85, 'lsOwnChUsage': 0.45, 'lsClientUpdateInt': 2, 'lsNumClients': 2}","{'batchSize': 200, 'enabled': True, 'periodicity': 7}",Default ClusterConfig,-65,1,0,1,VendorA_customized,"[2417, 2422, 2427, 2432, 2442, 2447, 2452, 2457, 2467, 2472, 5260, 5300, 5280, 5320, 5500, 5520, 5540, 5560, 5580, 5620, 5600, 5640, 5680, 5660, 5700, 5825]","{'clientLowRssiDb': -70, 'pwrCtrlEnabled': False, 'clientsTotal': 4, 'pwrCtrlInterval': 15, 'highDensityAPNum': 4, 'highDensityPowerBackoff': 5, 'clientLowRssiRate': 66}","{'minTimeBetweenReboots': 1, 'apCloudAgentCPUUtilEnabled': True, 'apMemUtilEnabled': True, 'periodicRebootHourToRun': '2', 'periodicRebootEnabled': False, 'rebootPresenceOfClient': True, 'restart24GHzRadioConfig': {'txFailedRetriesRatio': 90, 'rxCRCErrorRatio': 90, 'txFailedRetriesRatioEnabled': True, 'noBeaconsXmitEnabled': True, 'rxCRCErrorRatioEnabled': True}, 'apMemUtil': 90, 'apCloudAgentMemUtil': 80, 'apRebootLogConfig': {'numberOfCleanTSFs': 10, 'reportingInterval': 15, 'flashDirectory': '/usr/config/diagnostic', 'numberOfDirtyTSFs': 30, 'periodicReporting': True, 'reportingEnabled': True, 'storeToFlash': False, 'collectionPeriod': 30, 'enabled': False, 'serverDirectory': 'NGSCserver/apEntries/healthCheck/stats'}, 'bssidATH10DoesNotExist': True, 'restart5GHzRadioConfig': {'consumedRatiosEnabled': True, 'errorRatios': 50, 'consumedRatios': 90, 'noBeaconsXmitEnabled': True, 'errorRatiosEnabled': True}, 'apCloudAgentCPUUtil': 80, 'apCPUUtilEnabled': True, 'apCPUUtil': 90, 'bssidATH0DoesNotExist': True, 'apCloudAgentMemUtilEnabled': True, 'rebootEnabled': False}",False,True,True,0,False,60,-65,60,2,30,"{'100': 0, '20': 60, '60': 10, '40': 30, '-1': 0}",-80,AP,50000,True,-75,180,5,30,-71,True,30,1440,"{'dlpath': '/speedtest/random4000x4000.jpg', 'name': 'Montreal, QC', 'host': 'montreal.speedtest.netasservice.com:12865', 'lon': '-73.5550', 'id': '4', 'baseurl': 'montreal.speedtest.netasservice.com:12865', 'url2': 'http://montreal3.speedtest.telus.com/speedtest/upload.jsp', 'cc': 'CA', 'sponsor': 'FON', 'lat': '45.5081', 'country': 'Canada', 'ulpath': '/speedtest/upload.jsp'}","[{'dlpath': '/speedtest/random4000x4000.jpg', 'name': 'Montreal, QC', 'host': 'montreal.speedtest.netasservice.com:12865', 'lon': '-73.5550', 'id': '4', 'baseurl': 'montreal.speedtest.netasservice.com:12865', 'url2': 'http://montreal3.speedtest.telus.com/speedtest/upload.jsp', 'cc': 'CA', 'sponsor': 'FON', 'lat': '45.5081', 'country': 'Canada', 'ulpath': '/speedtest/upload.jsp'}]",ON,OFF,0,America/New_York,False,240,30,2,0.9,"{'zoneSetx': 1, 'zoneSety': 1, 'zoneSetz': 3}"
{'$oid': '5b71cd4e434b7dceeb42b670'},True,{'alarmNoise': -70},"{'includeSteering': True, 'includeChannelChange': True, 'emailAddresses': 'john.cartmell@xcellair.com', 'includeAPMemCPU': True, 'includeManagedAPs': True, 'startTime': '2017-06-06 00:00:00', 'includeClusterConfig': True, 'endTime': '2017-10-10 23:59:59', 'status': '', 'includeAlarms': True, 'reportEnabled': False, 'interval': 86400, 'includeChannelStats': True, 'includeEvents': True, 'includeNeighbors': True, 'includeClientDist': True, 'includeAPMapping': True}",5,-65,"{'publicSshPort': 222, 'ttydPortMin': 12001, 'ttydLocalIp': '104.239.213.29', 'expiryPeriodInMin': 30, 'ttydPortMax': 12999, 'ttydPublicIp': '104.239.213.29'}",4,0.75,-65,True,0,0,-7,-25,0.1,0.1,5,False,"{'enabled': False, 'time': '9', 'apManufacturer': 'ZyXEL_EMG2926', 'firmware': '1.4-20a-ZyXEL', 'status': 'Complete@20180813'}",1,CA,2019-03-06 14:45:01,0,False,240,-55,-72,"{'csvRemoteDirectory': '/', 'csvEnable': True, 'passiveMode': False, 'ipAddress': '192.95.32.204', 'password': 'xCellAir2017&1', 'port': '21', 'apLogsEnable': False, 'apLogsRemoteDirectory': '/AP Logs', 'username': 'xcellair'}",False,50,True,5,40,False,0.75,00000000-0000-0000-0000-000000000000,False,50,00 00 02 * * *,True,"{'lsOwnChUsage': 0.45, 'lsClientUpdateInt': 2, 'lsCongestion': 0.85, 'lsNumClients': 2}","{'batchSize': 200, 'enabled': True, 'periodicity': 7}",Default ClusterConfig,-65,1,0,1,VendorA_customized,"[2417, 2422, 2427, 2432, 2442, 2447, 2452, 2457, 2467, 2472, 5260, 5300, 5280, 5320, 5500, 5520, 5540, 5560, 5580, 5620, 5600, 5640, 5680, 5660, 5700, 5825]","{'clientsTotal': 4, 'clientLowRssiDb': -70, 'pwrCtrlEnabled': False, 'highDensityAPNum': 4, 'clientLowRssiRate': 66, 'pwrCtrlInterval': 15, 'highDensityPowerBackoff': 5}","{'apRebootLogConfig': {'numberOfDirtyTSFs': 30, 'reportingInterval': 15, 'periodicReporting': True, 'flashDirectory': '/usr/config/diagnostic', 'storeToFlash': False, 'reportingEnabled': True, 'numberOfCleanTSFs': 10, 'collectionPeriod': 30, 'serverDirectory': 'NGSCserver/apEntries/healthCheck/stats', 'enabled': False}, 'apMemUtilEnabled': True, 'rebootPresenceOfClient': True, 'restart5GHzRadioConfig': {'consumedRatiosEnabled': True, 'noBeaconsXmitEnabled': True, 'errorRatios': 50, 'consumedRatios': 90, 'errorRatiosEnabled': True}, 'apCloudAgentMemUtilEnabled': True, 'minTimeBetweenReboots': 1, 'apCPUUtil': 90, 'apCloudAgentMemUtil': 80, 'rebootEnabled': False, 'periodicRebootHourToRun': '2', 'restart24GHzRadioConfig': {'noBeaconsXmitEnabled': True, 'rxCRCErrorRatioEnabled': True, 'rxCRCErrorRatio': 90, 'txFailedRetriesRatio': 90, 'txFailedRetriesRatioEnabled': True}, 'apMemUtil': 90, 'bssidATH10DoesNotExist': True, 'bssidATH0DoesNotExist': True, 'apCloudAgentCPUUtil': 80, 'periodicRebootEnabled': False, 'apCPUUtilEnabled': True, 'apCloudAgentCPUUtilEnabled': True}",False,True,True,0,False,60,-65,60,2,30,"{'60': 10, '-1': 0, '20': 60, '40': 30, '100': 0}",-80,AP,50000,True,-75,180,5,30,-71,True,30,1440,"{'id': '4', 'country': 'Canada', 'sponsor': 'FON', 'lon': '-73.5550', 'baseurl': 'montreal.speedtest.netasservice.com:12865', 'name': 'Montreal, QC', 'ulpath': '/speedtest/upload.jsp', 'lat': '45.5081', 'host': 'montreal.speedtest.netasservice.com:12865', 'cc': 'CA', 'dlpath': '/speedtest/random4000x4000.jpg', 'url2': 'http://montreal3.speedtest.telus.com/speedtest/upload.jsp'}","[{'id': '4', 'country': 'Canada', 'sponsor': 'FON', 'lon': '-73.5550', 'baseurl': 'montreal.speedtest.netasservice.com:12865', 'name': 'Montreal, QC', 'ulpath': '/speedtest/upload.jsp', 'lat': '45.5081', 'host': 'montreal.speedtest.netasservice.com:12865', 'cc': 'CA', 'dlpath': '/speedtest/random4000x4000.jpg', 'url2': 'http://montreal3.speedtest.telus.com/speedtest/upload.jsp'}]",ON,OFF,0,America/New_York,False,240,30,2,0.9,"{'zoneSety': 1, 'zoneSetz': 3, 'zoneSetx': 1}"
{'$oid': '5b71cd4e434b7dceeb42b670'},True,{'alarmNoise': -70},"{'reportEnabled': False, 'includeSteering': True, 'includeAPMapping': True, 'emailAddresses': 'john.cartmell@xcellair.com', 'status': '', 'interval': 86400, 'includeManagedAPs': True, 'includeAlarms': True, 'includeChannelChange': True, 'includeClientDist': True, 'includeClusterConfig': True, 'startTime': '2017-06-06 00:00:00', 'includeNeighbors': True, 'includeEvents': True, 'includeChannelStats': True, 'endTime': '2017-10-10 23:59:59', 'includeAPMemCPU': True}",5,-65,"{'ttydLocalIp': '104.239.213.29', 'publicSshPort': 222, 'expiryPeriodInMin': 30, 'ttydPublicIp': '104.239.213.29', 'ttydPortMax': 12999, 'ttydPortMin': 12001}",4,0.75,-65,True,0,0,-7,-25,0.1,0.1,5,False,"{'enabled': False, 'time': '9', 'status': 'Complete@20180813', 'apManufacturer': 'ZyXEL_EMG2926', 'firmware': '1.4-20a-ZyXEL'}",1,CA,2019-03-06 15:45:01,0,False,240,-55,-72,"{'ipAddress': '192.95.32.204', 'passiveMode': False, 'port': '21', 'apLogsEnable': False, 'csvEnable': True, 'username': 'xcellair', 'password': 'xCellAir2017&1', 'csvRemoteDirectory': '/', 'apLogsRemoteDirectory': '/AP Logs'}",False,50,True,5,40,False,0.75,00000000-0000-0000-0000-000000000000,False,50,00 00 02 * * *,True,"{'lsClientUpdateInt': 2, 'lsNumClients': 2, 'lsOwnChUsage': 0.45, 'lsCongestion': 0.85}","{'batchSize': 200, 'enabled': True, 'periodicity': 7}",Default ClusterConfig,-65,1,0,1,VendorA_customized,"[2417, 2422, 2427, 2432, 2442, 2447, 2452, 2457, 2467, 2472, 5260, 5300, 5280, 5320, 5500, 5520, 5540, 5560, 5580, 5620, 5600, 5640, 5680, 5660, 5700, 5825]","{'highDensityAPNum': 4, 'pwrCtrlInterval': 15, 'clientLowRssiDb': -70, 'clientLowRssiRate': 66, 'clientsTotal': 4, 'pwrCtrlEnabled': False, 'highDensityPowerBackoff': 5}","{'bssidATH10DoesNotExist': True, 'periodicRebootEnabled': False, 'apCloudAgentCPUUtilEnabled': True, 'apCPUUtilEnabled': True, 'apRebootLogConfig': {'collectionPeriod': 30, 'periodicReporting': True, 'flashDirectory': '/usr/config/diagnostic', 'numberOfCleanTSFs': 10, 'enabled': False, 'storeToFlash': False, 'reportingInterval': 15, 'reportingEnabled': True, 'numberOfDirtyTSFs': 30, 'serverDirectory': 'NGSCserver/apEntries/healthCheck/stats'}, 'apCloudAgentCPUUtil': 80, 'apCloudAgentMemUtil': 80, 'apMemUtilEnabled': True, 'apMemUtil': 90, 'rebootPresenceOfClient': True, 'minTimeBetweenReboots': 1, 'bssidATH0DoesNotExist': True, 'restart24GHzRadioConfig': {'rxCRCErrorRatio': 90, 'txFailedRetriesRatio': 90, 'rxCRCErrorRatioEnabled': True, 'noBeaconsXmitEnabled': True, 'txFailedRetriesRatioEnabled': True}, 'restart5GHzRadioConfig': {'consumedRatios': 90, 'errorRatios': 50, 'errorRatiosEnabled': True, 'noBeaconsXmitEnabled': True, 'consumedRatiosEnabled': True}, 'apCloudAgentMemUtilEnabled': True, 'periodicRebootHourToRun': '2', 'apCPUUtil': 90, 'rebootEnabled': False}",False,True,True,0,False,60,-65,60,2,30,"{'40': 30, '20': 60, '100': 0, '60': 10, '-1': 0}",-80,AP,50000,True,-75,180,5,30,-71,True,30,1440,"{'name': 'Montreal, QC', 'host': 'montreal.speedtest.netasservice.com:12865', 'cc': 'CA', 'lon': '-73.5550', 'country': 'Canada', 'dlpath': '/speedtest/random4000x4000.jpg', 'url2': 'http://montreal3.speedtest.telus.com/speedtest/upload.jsp', 'sponsor': 'FON', 'baseurl': 'montreal.speedtest.netasservice.com:12865', 'ulpath': '/speedtest/upload.jsp', 'lat': '45.5081', 'id': '4'}","[{'name': 'Montreal, QC', 'host': 'montreal.speedtest.netasservice.com:12865', 'cc': 'CA', 'lon': '-73.5550', 'country': 'Canada', 'dlpath': '/speedtest/random4000x4000.jpg', 'url2': 'http://montreal3.speedtest.telus.com/speedtest/upload.jsp', 'sponsor': 'FON', 'baseurl': 'montreal.speedtest.netasservice.com:12865', 'ulpath': '/speedtest/upload.jsp', 'lat': '45.5081', 'id': '4'}]",ON,OFF,0,America/New_York,False,240,30,2,0.9,"{'zoneSety': 1, 'zoneSetx': 1, 'zoneSetz': 3}"
{'$oid': '5b71cd4e434b7dceeb42b670'},True,{'alarmNoise': -70},"{'includeNeighbors': True, 'endTime': '2017-10-10 23:59:59', 'includeClientDist': True, 'status': '', 'reportEnabled': False, 'includeChannelChange': True, 'includeClusterConfig': True, 'startTime': '2017-06-06 00:00:00', 'includeAPMapping': True, 'includeManagedAPs': True, 'emailAddresses': 'john.cartmell@xcellair.com', 'includeEvents': True, 'includeSteering': True, 'includeAPMemCPU': True, 'interval': 86400, 'includeAlarms': True, 'includeChannelStats': True}",5,-65,"{'publicSshPort': 222, 'ttydLocalIp': '104.239.213.29', 'expiryPeriodInMin': 30, 'ttydPublicIp': '104.239.213.29', 'ttydPortMax': 12999, 'ttydPortMin': 12001}",4,0.75,-65,True,0,0,-7,-25,0.1,0.1,5,False,"{'status': 'Complete@20180813', 'enabled': False, 'apManufacturer': 'ZyXEL_EMG2926', 'firmware': '1.4-20a-ZyXEL', 'time': '9'}",1,CA,2019-03-06 16:45:01,0,False,240,-55,-72,"{'port': '21', 'csvEnable': True, 'password': 'xCellAir2017&1', 'username': 'xcellair', 'apLogsEnable': False, 'apLogsRemoteDirectory': '/AP Logs', 'ipAddress': '192.95.32.204', 'passiveMode': False, 'csvRemoteDirectory': '/'}",False,50,True,5,40,False,0.75,00000000-0000-0000-0000-000000000000,False,50,00 00 02 * * *,True,"{'lsOwnChUsage': 0.45, 'lsCongestion': 0.85, 'lsNumClients': 2, 'lsClientUpdateInt': 2}","{'enabled': True, 'periodicity': 7, 'batchSize': 200}",Default ClusterConfig,-65,1,0,1,VendorA_customized,"[2417, 2422, 2427, 2432, 2442, 2447, 2452, 2457, 2467, 2472, 5260, 5300, 5280, 5320, 5500, 5520, 5540, 5560, 5580, 5620, 5600, 5640, 5680, 5660, 5700, 5825]","{'highDensityPowerBackoff': 5, 'clientsTotal': 4, 'clientLowRssiDb': -70, 'pwrCtrlInterval': 15, 'highDensityAPNum': 4, 'clientLowRssiRate': 66, 'pwrCtrlEnabled': False}","{'bssidATH0DoesNotExist': True, 'apCloudAgentCPUUtil': 80, 'apCPUUtil': 90, 'rebootEnabled': False, 'apCloudAgentMemUtilEnabled': True, 'apCloudAgentMemUtil': 80, 'restart5GHzRadioConfig': {'noBeaconsXmitEnabled': True, 'errorRatios': 50, 'consumedRatios': 90, 'errorRatiosEnabled': True, 'consumedRatiosEnabled': True}, 'apRebootLogConfig': {'flashDirectory': '/usr/config/diagnostic', 'numberOfDirtyTSFs': 30, 'periodicReporting': True, 'reportingInterval': 15, 'collectionPeriod': 30, 'enabled': False, 'reportingEnabled': True, 'serverDirectory': 'NGSCserver/apEntries/healthCheck/stats', 'storeToFlash': False, 'numberOfCleanTSFs': 10}, 'bssidATH10DoesNotExist': True, 'restart24GHzRadioConfig': {'rxCRCErrorRatioEnabled': True, 'txFailedRetriesRatio': 90, 'noBeaconsXmitEnabled': True, 'txFailedRetriesRatioEnabled': True, 'rxCRCErrorRatio': 90}, 'minTimeBetweenReboots': 1, 'periodicRebootHourToRun': '2', 'apMemUtilEnabled': True, 'periodicRebootEnabled': False, 'apMemUtil': 90, 'apCPUUtilEnabled': True, 'apCloudAgentCPUUtilEnabled': True, 'rebootPresenceOfClient': True}",False,True,True,0,False,60,-65,60,2,30,"{'60': 10, '-1': 0, '40': 30, '20': 60, '100': 0}",-80,AP,50000,True,-75,180,5,30,-71,True,30,1440,"{'name': 'Montreal, QC', 'url2': 'http://montreal3.speedtest.telus.com/speedtest/upload.jsp', 'lon': '-73.5550', 'sponsor': 'FON', 'host': 'montreal.speedtest.netasservice.com:12865', 'id': '4', 'country': 'Canada', 'dlpath': '/speedtest/random4000x4000.jpg', 'lat': '45.5081', 'cc': 'CA', 'baseurl': 'montreal.speedtest.netasservice.com:12865', 'ulpath': '/speedtest/upload.jsp'}","[{'name': 'Montreal, QC', 'url2': 'http://montreal3.speedtest.telus.com/speedtest/upload.jsp', 'lon': '-73.5550', 'sponsor': 'FON', 'host': 'montreal.speedtest.netasservice.com:12865', 'id': '4', 'country': 'Canada', 'dlpath': '/speedtest/random4000x4000.jpg', 'lat': '45.5081', 'cc': 'CA', 'baseurl': 'montreal.speedtest.netasservice.com:12865', 'ulpath': '/speedtest/upload.jsp'}]",ON,OFF,0,America/New_York,False,240,30,2,0.9,"{'zoneSety': 1, 'zoneSetz': 3, 'zoneSetx': 1}"
{'$oid': '5b71cd4e434b7dceeb42b670'},True,{'alarmNoise': -70},"{'includeAPMemCPU': True, 'includeChannelChange': True, 'includeClusterConfig': True, 'includeAlarms': True, 'includeEvents': True, 'status': '', 'includeManagedAPs': True, 'startTime': '2017-06-06 00:00:00', 'endTime': '2017-10-10 23:59:59', 'includeNeighbors': True, 'includeChannelStats': True, 'interval': 86400, 'includeSteering': True, 'emailAddresses': 'john.cartmell@xcellair.com', 'reportEnabled': False, 'includeClientDist': True, 'includeAPMapping': True}",5,-65,"{'expiryPeriodInMin': 30, 'ttydPublicIp': '104.239.213.29', 'ttydLocalIp': '104.239.213.29', 'publicSshPort': 222, 'ttydPortMin': 12001, 'ttydPortMax': 12999}",4,0.75,-65,True,0,0,-7,-25,0.1,0.1,5,False,"{'firmware': '1.4-20a-ZyXEL', 'enabled': False, 'time': '9', 'status': 'Complete@20180813', 'apManufacturer': 'ZyXEL_EMG2926'}",1,CA,2019-03-06 17:45:01,0,False,240,-55,-72,"{'ipAddress': '192.95.32.204', 'apLogsEnable': False, 'passiveMode': False, 'csvEnable': True, 'apLogsRemoteDirectory': '/AP Logs', 'port': '21', 'password': 'xCellAir2017&1', 'csvRemoteDirectory': '/', 'username': 'xcellair'}",False,50,True,5,40,False,0.75,00000000-0000-0000-0000-000000000000,False,50,00 00 02 * * *,True,"{'lsCongestion': 0.85, 'lsOwnChUsage': 0.45, 'lsClientUpdateInt': 2, 'lsNumClients': 2}","{'batchSize': 200, 'enabled': True, 'periodicity': 7}",Default ClusterConfig,-65,1,0,1,VendorA_customized,"[2417, 2422, 2427, 2432, 2442, 2447, 2452, 2457, 2467, 2472, 5260, 5300, 5280, 5320, 5500, 5520, 5540, 5560, 5580, 5620, 5600, 5640, 5680, 5660, 5700, 5825]","{'clientsTotal': 4, 'highDensityAPNum': 4, 'pwrCtrlInterval': 15, 'clientLowRssiDb': -70, 'pwrCtrlEnabled': False, 'clientLowRssiRate': 66, 'highDensityPowerBackoff': 5}","{'apCloudAgentCPUUtilEnabled': True, 'periodicRebootHourToRun': '2', 'bssidATH0DoesNotExist': True, 'rebootPresenceOfClient': True, 'apRebootLogConfig': {'storeToFlash': False, 'enabled': False, 'numberOfDirtyTSFs': 30, 'flashDirectory': '/usr/config/diagnostic', 'reportingInterval': 15, 'serverDirectory': 'NGSCserver/apEntries/healthCheck/stats', 'periodicReporting': True, 'collectionPeriod': 30, 'reportingEnabled': True, 'numberOfCleanTSFs': 10}, 'apCPUUtilEnabled': True, 'bssidATH10DoesNotExist': True, 'rebootEnabled': False, 'restart24GHzRadioConfig': {'txFailedRetriesRatioEnabled': True, 'rxCRCErrorRatio': 90, 'rxCRCErrorRatioEnabled': True, 'noBeaconsXmitEnabled': True, 'txFailedRetriesRatio': 90}, 'apCPUUtil': 90, 'apMemUtilEnabled': True, 'periodicRebootEnabled': False, 'apCloudAgentMemUtilEnabled': True, 'apCloudAgentMemUtil': 80, 'minTimeBetweenReboots': 1, 'apCloudAgentCPUUtil': 80, 'apMemUtil': 90, 'restart5GHzRadioConfig': {'errorRatiosEnabled': True, 'consumedRatios': 90, 'errorRatios': 50, 'noBeaconsXmitEnabled': True, 'consumedRatiosEnabled': True}}",False,True,True,0,False,60,-65,60,2,30,"{'60': 10, '-1': 0, '20': 60, '40': 30, '100': 0}",-80,AP,50000,True,-75,180,5,30,-71,True,30,1440,"{'id': '4', 'baseurl': 'montreal.speedtest.netasservice.com:12865', 'lat': '45.5081', 'lon': '-73.5550', 'name': 'Montreal, QC', 'country': 'Canada', 'dlpath': '/speedtest/random4000x4000.jpg', 'sponsor': 'FON', 'cc': 'CA', 'host': 'montreal.speedtest.netasservice.com:12865', 'ulpath': '/speedtest/upload.jsp', 'url2': 'http://montreal3.speedtest.telus.com/speedtest/upload.jsp'}","[{'id': '4', 'baseurl': 'montreal.speedtest.netasservice.com:12865', 'lat': '45.5081', 'lon': '-73.5550', 'name': 'Montreal, QC', 'country': 'Canada', 'dlpath': '/speedtest/random4000x4000.jpg', 'sponsor': 'FON', 'cc': 'CA', 'host': 'montreal.speedtest.netasservice.com:12865', 'ulpath': '/speedtest/upload.jsp', 'url2': 'http://montreal3.speedtest.telus.com/speedtest/upload.jsp'}]",ON,OFF,0,America/New_York,False,240,30,2,0.9,"{'zoneSetx': 1, 'zoneSety': 1, 'zoneSetz': 3}"
{'$oid': '5b71cd4e434b7dceeb42b670'},True,{'alarmNoise': -70},"{'includeManagedAPs': True, 'reportEnabled': False, 'interval': 86400, 'includeClientDist': True, 'includeSteering': True, 'status': '', 'includeChannelStats': True, 'includeAPMemCPU': True, 'includeClusterConfig': True, 'includeEvents': True, 'startTime': '2017-06-06 00:00:00', 'includeNeighbors': True, 'includeAlarms': True, 'includeChannelChange': True, 'endTime': '2017-10-10 23:59:59', 'includeAPMapping': True, 'emailAddresses': 'john.cartmell@xcellair.com'}",5,-65,"{'ttydPortMax': 12999, 'ttydPublicIp': '104.239.213.29', 'ttydLocalIp': '104.239.213.29', 'expiryPeriodInMin': 30, 'publicSshPort': 222, 'ttydPortMin': 12001}",4,0.75,-65,True,0,0,-7,-25,0.1,0.1,5,False,"{'enabled': False, 'apManufacturer': 'ZyXEL_EMG2926', 'firmware': '1.4-20a-ZyXEL', 'status': 'Complete@20180813', 'time': '9'}",1,CA,2019-03-06 18:45:01,0,False,240,-55,-72,"{'port': '21', 'passiveMode': False, 'ipAddress': '192.95.32.204', 'csvRemoteDirectory': '/', 'apLogsEnable': False, 'csvEnable': True, 'username': 'xcellair', 'apLogsRemoteDirectory': '/AP Logs', 'password': 'xCellAir2017&1'}",False,50,True,5,40,False,0.75,00000000-0000-0000-0000-000000000000,False,50,00 00 02 * * *,True,"{'lsClientUpdateInt': 2, 'lsCongestion': 0.85, 'lsNumClients': 2, 'lsOwnChUsage': 0.45}","{'enabled': True, 'periodicity': 7, 'batchSize': 200}",Default ClusterConfig,-65,1,0,1,VendorA_customized,"[2417, 2422, 2427, 2432, 2442, 2447, 2452, 2457, 2467, 2472, 5260, 5300, 5280, 5320, 5500, 5520, 5540, 5560, 5580, 5620, 5600, 5640, 5680, 5660, 5700, 5825]","{'clientsTotal': 4, 'highDensityPowerBackoff': 5, 'pwrCtrlEnabled': False, 'pwrCtrlInterval': 15, 'clientLowRssiDb': -70, 'clientLowRssiRate': 66, 'highDensityAPNum': 4}","{'restart24GHzRadioConfig': {'txFailedRetriesRatio': 90, 'txFailedRetriesRatioEnabled': True, 'noBeaconsXmitEnabled': True, 'rxCRCErrorRatio': 90, 'rxCRCErrorRatioEnabled': True}, 'apCPUUtilEnabled': True, 'rebootEnabled': False, 'minTimeBetweenReboots': 1, 'apCloudAgentCPUUtil': 80, 'bssidATH0DoesNotExist': True, 'apMemUtil': 90, 'periodicRebootHourToRun': '2', 'apCloudAgentMemUtilEnabled': True, 'restart5GHzRadioConfig': {'consumedRatiosEnabled': True, 'noBeaconsXmitEnabled': True, 'errorRatios': 50, 'consumedRatios': 90, 'errorRatiosEnabled': True}, 'bssidATH10DoesNotExist': True, 'apCloudAgentMemUtil': 80, 'apMemUtilEnabled': True, 'apCPUUtil': 90, 'apRebootLogConfig': {'serverDirectory': 'NGSCserver/apEntries/healthCheck/stats', 'collectionPeriod': 30, 'numberOfCleanTSFs': 10, 'enabled': False, 'periodicReporting': True, 'numberOfDirtyTSFs': 30, 'flashDirectory': '/usr/config/diagnostic', 'reportingInterval': 15, 'storeToFlash': False, 'reportingEnabled': True}, 'rebootPresenceOfClient': True, 'periodicRebootEnabled': False, 'apCloudAgentCPUUtilEnabled': True}",False,True,True,0,False,60,-65,60,2,30,"{'-1': 0, '60': 10, '40': 30, '20': 60, '100': 0}",-80,AP,50000,True,-75,180,5,30,-71,True,30,1440,"{'sponsor': 'FON', 'url2': 'http://montreal3.speedtest.telus.com/speedtest/upload.jsp', 'name': 'Montreal, QC', 'lat': '45.5081', 'cc': 'CA', 'baseurl': 'montreal.speedtest.netasservice.com:12865', 'country': 'Canada', 'lon': '-73.5550', 'id': '4', 'ulpath': '/speedtest/upload.jsp', 'dlpath': '/speedtest/random4000x4000.jpg', 'host': 'montreal.speedtest.netasservice.com:12865'}","[{'sponsor': 'FON', 'url2': 'http://montreal3.speedtest.telus.com/speedtest/upload.jsp', 'name': 'Montreal, QC', 'lat': '45.5081', 'cc': 'CA', 'baseurl': 'montreal.speedtest.netasservice.com:12865', 'country': 'Canada', 'lon': '-73.5550', 'id': '4', 'ulpath': '/speedtest/upload.jsp', 'dlpath': '/speedtest/random4000x4000.jpg', 'host': 'montreal.speedtest.netasservice.com:12865'}]",ON,OFF,0,America/New_York,False,240,30,2,0.9,"{'zoneSetx': 1, 'zoneSety': 1, 'zoneSetz': 3}"
{'$oid': '5b71cd4e434b7dceeb42b670'},True,{'alarmNoise': -70},"{'includeClusterConfig': True, 'includeAPMapping': True, 'includeAlarms': True, 'includeSteering': True, 'interval': 86400, 'includeChannelChange': True, 'emailAddresses': 'john.cartmell@xcellair.com', 'includeClientDist': True, 'status': '', 'includeAPMemCPU': True, 'includeManagedAPs': True, 'includeNeighbors': True, 'endTime': '2017-10-10 23:59:59', 'startTime': '2017-06-06 00:00:00', 'includeEvents': True, 'reportEnabled': False, 'includeChannelStats': True}",5,-65,"{'expiryPeriodInMin': 30, 'publicSshPort': 222, 'ttydPublicIp': '104.239.213.29', 'ttydPortMin': 12001, 'ttydPortMax': 12999, 'ttydLocalIp': '104.239.213.29'}",4,0.75,-65,True,0,0,-7,-25,0.1,0.1,5,False,"{'status': 'Complete@20180813', 'apManufacturer': 'ZyXEL_EMG2926', 'enabled': False, 'firmware': '1.4-20a-ZyXEL', 'time': '9'}",1,CA,2019-03-06 19:45:02,0,False,240,-55,-72,"{'password': 'xCellAir2017&1', 'csvRemoteDirectory': '/', 'port': '21', 'csvEnable': True, 'ipAddress': '192.95.32.204', 'apLogsEnable': False, 'username': 'xcellair', 'passiveMode': False, 'apLogsRemoteDirectory': '/AP Logs'}",False,50,True,5,40,False,0.75,00000000-0000-0000-0000-000000000000,False,50,00 00 02 * * *,True,"{'lsNumClients': 2, 'lsClientUpdateInt': 2, 'lsOwnChUsage': 0.45, 'lsCongestion': 0.85}","{'batchSize': 200, 'periodicity': 7, 'enabled': True}",Default ClusterConfig,-65,1,0,1,VendorA_customized,"[2417, 2422, 2427, 2432, 2442, 2447, 2452, 2457, 2467, 2472, 5260, 5300, 5280, 5320, 5500, 5520, 5540, 5560, 5580, 5620, 5600, 5640, 5680, 5660, 5700, 5825]","{'clientLowRssiRate': 66, 'pwrCtrlInterval': 15, 'clientLowRssiDb': -70, 'clientsTotal': 4, 'highDensityAPNum': 4, 'pwrCtrlEnabled': False, 'highDensityPowerBackoff': 5}","{'apCPUUtilEnabled': True, 'apMemUtil': 90, 'bssidATH10DoesNotExist': True, 'rebootPresenceOfClient': True, 'apMemUtilEnabled': True, 'apRebootLogConfig': {'periodicReporting': True, 'numberOfDirtyTSFs': 30, 'enabled': False, 'collectionPeriod': 30, 'numberOfCleanTSFs': 10, 'serverDirectory': 'NGSCserver/apEntries/healthCheck/stats', 'reportingInterval': 15, 'flashDirectory': '/usr/config/diagnostic', 'storeToFlash': False, 'reportingEnabled': True}, 'apCloudAgentMemUtil': 80, 'rebootEnabled': False, 'apCloudAgentCPUUtil': 80, 'apCloudAgentCPUUtilEnabled': True, 'bssidATH0DoesNotExist': True, 'periodicRebootEnabled': False, 'periodicRebootHourToRun': '2', 'restart24GHzRadioConfig': {'txFailedRetriesRatioEnabled': True, 'noBeaconsXmitEnabled': True, 'rxCRCErrorRatioEnabled': True, 'txFailedRetriesRatio': 90, 'rxCRCErrorRatio': 90}, 'apCloudAgentMemUtilEnabled': True, 'restart5GHzRadioConfig': {'noBeaconsXmitEnabled': True, 'consumedRatiosEnabled': True, 'errorRatios': 50, 'consumedRatios': 90, 'errorRatiosEnabled': True}, 'minTimeBetweenReboots': 1, 'apCPUUtil': 90}",False,True,True,0,False,60,-65,60,2,30,"{'40': 30, '100': 0, '60': 10, '-1': 0, '20': 60}",-80,AP,50000,True,-75,180,5,30,-71,True,30,1440,"{'host': 'montreal.speedtest.netasservice.com:12865', 'url2': 'http://montreal3.speedtest.telus.com/speedtest/upload.jsp', 'dlpath': '/speedtest/random4000x4000.jpg', 'baseurl': 'montreal.speedtest.netasservice.com:12865', 'id': '4', 'cc': 'CA', 'lat': '45.5081', 'name': 'Montreal, QC', 'ulpath': '/speedtest/upload.jsp', 'lon': '-73.5550', 'sponsor': 'FON', 'country': 'Canada'}","[{'host': 'montreal.speedtest.netasservice.com:12865', 'url2': 'http://montreal3.speedtest.telus.com/speedtest/upload.jsp', 'dlpath': '/speedtest/random4000x4000.jpg', 'baseurl': 'montreal.speedtest.netasservice.com:12865', 'id': '4', 'cc': 'CA', 'lat': '45.5081', 'name': 'Montreal, QC', 'ulpath': '/speedtest/upload.jsp', 'lon': '-73.5550', 'sponsor': 'FON', 'country': 'Canada'}]",ON,OFF,0,America/New_York,False,240,30,2,0.9,"{'zoneSetx': 1, 'zoneSety': 1, 'zoneSetz': 3}"
{'$oid': '5b71cd4e434b7dceeb42b670'},True,{'alarmNoise': -70},"{'includeAPMapping': True, 'includeManagedAPs': True, 'includeChannelChange': True, 'includeAlarms': True, 'includeClusterConfig': True, 'includeEvents': True, 'endTime': '2017-10-10 23:59:59', 'emailAddresses': 'john.cartmell@xcellair.com', 'interval': 86400, 'reportEnabled': False, 'includeClientDist': True, 'includeChannelStats': True, 'includeSteering': True, 'includeAPMemCPU': True, 'status': '', 'startTime': '2017-06-06 00:00:00', 'includeNeighbors': True}",5,-65,"{'ttydPortMin': 12001, 'ttydLocalIp': '104.239.213.29', 'publicSshPort': 222, 'expiryPeriodInMin': 30, 'ttydPortMax': 12999, 'ttydPublicIp': '104.239.213.29'}",4,0.75,-65,True,0,0,-7,-25,0.1,0.1,5,False,"{'firmware': '1.4-20a-ZyXEL', 'enabled': False, 'apManufacturer': 'ZyXEL_EMG2926', 'time': '9', 'status': 'Complete@20180813'}",1,CA,2019-03-06 20:45:02,0,False,240,-55,-72,"{'password': 'xCellAir2017&1', 'apLogsEnable': False, 'apLogsRemoteDirectory': '/AP Logs', 'passiveMode': False, 'csvEnable': True, 'port': '21', 'ipAddress': '192.95.32.204', 'csvRemoteDirectory': '/', 'username': 'xcellair'}",False,50,True,5,40,False,0.75,00000000-0000-0000-0000-000000000000,False,50,00 00 02 * * *,True,"{'lsOwnChUsage': 0.45, 'lsNumClients': 2, 'lsCongestion': 0.85, 'lsClientUpdateInt': 2}","{'enabled': True, 'periodicity': 7, 'batchSize': 200}",Default ClusterConfig,-65,1,0,1,VendorA_customized,"[2417, 2422, 2427, 2432, 2442, 2447, 2452, 2457, 2467, 2472, 5260, 5300, 5280, 5320, 5500, 5520, 5540, 5560, 5580, 5620, 5600, 5640, 5680, 5660, 5700, 5825]","{'highDensityAPNum': 4, 'highDensityPowerBackoff': 5, 'clientsTotal': 4, 'clientLowRssiDb': -70, 'pwrCtrlInterval': 15, 'clientLowRssiRate': 66, 'pwrCtrlEnabled': False}","{'periodicRebootEnabled': False, 'rebootEnabled': False, 'apCloudAgentCPUUtil': 80, 'apMemUtil': 90, 'apCloudAgentMemUtilEnabled': True, 'apCloudAgentCPUUtilEnabled': True, 'apRebootLogConfig': {'flashDirectory': '/usr/config/diagnostic', 'periodicReporting': True, 'storeToFlash': False, 'reportingInterval': 15, 'reportingEnabled': True, 'serverDirectory': 'NGSCserver/apEntries/healthCheck/stats', 'numberOfCleanTSFs': 10, 'enabled': False, 'numberOfDirtyTSFs': 30, 'collectionPeriod': 30}, 'minTimeBetweenReboots': 1, 'periodicRebootHourToRun': '2', 'bssidATH10DoesNotExist': True, 'apCloudAgentMemUtil': 80, 'apMemUtilEnabled': True, 'rebootPresenceOfClient': True, 'restart5GHzRadioConfig': {'errorRatiosEnabled': True, 'noBeaconsXmitEnabled': True, 'errorRatios': 50, 'consumedRatiosEnabled': True, 'consumedRatios': 90}, 'apCPUUtilEnabled': True, 'apCPUUtil': 90, 'bssidATH0DoesNotExist': True, 'restart24GHzRadioConfig': {'txFailedRetriesRatioEnabled': True, 'rxCRCErrorRatioEnabled': True, 'txFailedRetriesRatio': 90, 'noBeaconsXmitEnabled': True, 'rxCRCErrorRatio': 90}}",False,True,True,0,False,60,-65,60,2,30,"{'-1': 0, '40': 30, '20': 60, '60': 10, '100': 0}",-80,AP,50000,True,-75,180,5,30,-71,True,30,1440,"{'dlpath': '/speedtest/random4000x4000.jpg', 'baseurl': 'montreal.speedtest.netasservice.com:12865', 'sponsor': 'FON', 'lon': '-73.5550', 'cc': 'CA', 'url2': 'http://montreal3.speedtest.telus.com/speedtest/upload.jsp', 'country': 'Canada', 'lat': '45.5081', 'host': 'montreal.speedtest.netasservice.com:12865', 'ulpath': '/speedtest/upload.jsp', 'name': 'Montreal, QC', 'id': '4'}","[{'dlpath': '/speedtest/random4000x4000.jpg', 'baseurl': 'montreal.speedtest.netasservice.com:12865', 'sponsor': 'FON', 'lon': '-73.5550', 'cc': 'CA', 'url2': 'http://montreal3.speedtest.telus.com/speedtest/upload.jsp', 'country': 'Canada', 'lat': '45.5081', 'host': 'montreal.speedtest.netasservice.com:12865', 'ulpath': '/speedtest/upload.jsp', 'name': 'Montreal, QC', 'id': '4'}]",ON,OFF,0,America/New_York,False,240,30,2,0.9,"{'zoneSety': 1, 'zoneSetx': 1, 'zoneSetz': 3}"
{'$oid': '5b71cd4e434b7dceeb42b670'},True,{'alarmNoise': -70},"{'includeAlarms': True, 'endTime': '2017-10-10 23:59:59', 'emailAddresses': 'john.cartmell@xcellair.com', 'includeClientDist': True, 'interval': 86400, 'includeAPMemCPU': True, 'includeNeighbors': True, 'includeSteering': True, 'includeChannelStats': True, 'includeClusterConfig': True, 'includeChannelChange': True, 'startTime': '2017-06-06 00:00:00', 'includeManagedAPs': True, 'includeEvents': True, 'status': '', 'includeAPMapping': True, 'reportEnabled': False}",5,-65,"{'ttydLocalIp': '104.239.213.29', 'ttydPortMax': 12999, 'ttydPortMin': 12001, 'expiryPeriodInMin': 30, 'publicSshPort': 222, 'ttydPublicIp': '104.239.213.29'}",4,0.75,-65,True,0,0,-7,-25,0.1,0.1,5,False,"{'status': 'Complete@20180813', 'firmware': '1.4-20a-ZyXEL', 'time': '9', 'enabled': False, 'apManufacturer': 'ZyXEL_EMG2926'}",1,CA,2019-03-06 21:45:02,0,False,240,-55,-72,"{'apLogsEnable': False, 'username': 'xcellair', 'csvEnable': True, 'password': 'xCellAir2017&1', 'passiveMode': False, 'apLogsRemoteDirectory': '/AP Logs', 'ipAddress': '192.95.32.204', 'csvRemoteDirectory': '/', 'port': '21'}",False,50,True,5,40,False,0.75,00000000-0000-0000-0000-000000000000,False,50,00 00 02 * * *,True,"{'lsOwnChUsage': 0.45, 'lsNumClients': 2, 'lsClientUpdateInt': 2, 'lsCongestion': 0.85}","{'batchSize': 200, 'periodicity': 7, 'enabled': True}",Default ClusterConfig,-65,1,0,1,VendorA_customized,"[2417, 2422, 2427, 2432, 2442, 2447, 2452, 2457, 2467, 2472, 5260, 5300, 5280, 5320, 5500, 5520, 5540, 5560, 5580, 5620, 5600, 5640, 5680, 5660, 5700, 5825]","{'highDensityAPNum': 4, 'clientLowRssiRate': 66, 'highDensityPowerBackoff': 5, 'clientsTotal': 4, 'pwrCtrlEnabled': False, 'pwrCtrlInterval': 15, 'clientLowRssiDb': -70}","{'restart5GHzRadioConfig': {'noBeaconsXmitEnabled': True, 'consumedRatiosEnabled': True, 'errorRatiosEnabled': True, 'errorRatios': 50, 'consumedRatios': 90}, 'periodicRebootEnabled': False, 'rebootEnabled': False, 'apRebootLogConfig': {'numberOfCleanTSFs': 10, 'flashDirectory': '/usr/config/diagnostic', 'reportingInterval': 15, 'numberOfDirtyTSFs': 30, 'enabled': False, 'collectionPeriod': 30, 'storeToFlash': False, 'reportingEnabled': True, 'periodicReporting': True, 'serverDirectory': 'NGSCserver/apEntries/healthCheck/stats'}, 'apCloudAgentCPUUtil': 80, 'apCloudAgentMemUtilEnabled': True, 'apCloudAgentCPUUtilEnabled': True, 'apCloudAgentMemUtil': 80, 'restart24GHzRadioConfig': {'txFailedRetriesRatio': 90, 'noBeaconsXmitEnabled': True, 'rxCRCErrorRatio': 90, 'txFailedRetriesRatioEnabled': True, 'rxCRCErrorRatioEnabled': True}, 'apCPUUtilEnabled': True, 'minTimeBetweenReboots': 1, 'rebootPresenceOfClient': True, 'periodicRebootHourToRun': '2', 'apCPUUtil': 90, 'bssidATH0DoesNotExist': True, 'apMemUtilEnabled': True, 'apMemUtil': 90, 'bssidATH10DoesNotExist': True}",False,True,True,0,False,60,-65,60,2,30,"{'40': 30, '100': 0, '60': 10, '20': 60, '-1': 0}",-80,AP,50000,True,-75,180,5,30,-71,True,30,1440,"{'country': 'Canada', 'name': 'Montreal, QC', 'cc': 'CA', 'ulpath': '/speedtest/upload.jsp', 'dlpath': '/speedtest/random4000x4000.jpg', 'lat': '45.5081', 'sponsor': 'FON', 'lon': '-73.5550', 'baseurl': 'montreal.speedtest.netasservice.com:12865', 'id': '4', 'url2': 'http://montreal3.speedtest.telus.com/speedtest/upload.jsp', 'host': 'montreal.speedtest.netasservice.com:12865'}","[{'country': 'Canada', 'name': 'Montreal, QC', 'cc': 'CA', 'ulpath': '/speedtest/upload.jsp', 'dlpath': '/speedtest/random4000x4000.jpg', 'lat': '45.5081', 'sponsor': 'FON', 'lon': '-73.5550', 'baseurl': 'montreal.speedtest.netasservice.com:12865', 'id': '4', 'url2': 'http://montreal3.speedtest.telus.com/speedtest/upload.jsp', 'host': 'montreal.speedtest.netasservice.com:12865'}]",ON,OFF,0,America/New_York,False,240,30,2,0.9,"{'zoneSety': 1, 'zoneSetx': 1, 'zoneSetz': 3}"
{'$oid': '5b71cd4e434b7dceeb42b670'},True,{'alarmNoise': -70},"{'includeChannelStats': True, 'startTime': '2017-06-06 00:00:00', 'includeAPMapping': True, 'emailAddresses': 'john.cartmell@xcellair.com', 'includeNeighbors': True, 'includeManagedAPs': True, 'interval': 86400, 'includeAlarms': True, 'includeClientDist': True, 'includeClusterConfig': True, 'includeSteering': True, 'endTime': '2017-10-10 23:59:59', 'includeAPMemCPU': True, 'includeEvents': True, 'includeChannelChange': True, 'status': '', 'reportEnabled': False}",5,-65,"{'ttydLocalIp': '104.239.213.29', 'publicSshPort': 222, 'ttydPortMax': 12999, 'ttydPublicIp': '104.239.213.29', 'expiryPeriodInMin': 30, 'ttydPortMin': 12001}",4,0.75,-65,True,0,0,-7,-25,0.1,0.1,5,False,"{'apManufacturer': 'ZyXEL_EMG2926', 'status': 'Complete@20180813', 'firmware': '1.4-20a-ZyXEL', 'time': '9', 'enabled': False}",1,CA,2019-03-06 22:45:01,0,False,240,-55,-72,"{'apLogsEnable': False, 'csvEnable': True, 'apLogsRemoteDirectory': '/AP Logs', 'ipAddress': '192.95.32.204', 'passiveMode': False, 'username': 'xcellair', 'csvRemoteDirectory': '/', 'port': '21', 'password': 'xCellAir2017&1'}",False,50,True,5,40,False,0.75,00000000-0000-0000-0000-000000000000,False,50,00 00 02 * * *,True,"{'lsNumClients': 2, 'lsCongestion': 0.85, 'lsOwnChUsage': 0.45, 'lsClientUpdateInt': 2}","{'batchSize': 200, 'periodicity': 7, 'enabled': True}",Default ClusterConfig,-65,1,0,1,VendorA_customized,"[2417, 2422, 2427, 2432, 2442, 2447, 2452, 2457, 2467, 2472, 5260, 5300, 5280, 5320, 5500, 5520, 5540, 5560, 5580, 5620, 5600, 5640, 5680, 5660, 5700, 5825]","{'clientsTotal': 4, 'pwrCtrlInterval': 15, 'pwrCtrlEnabled': False, 'highDensityAPNum': 4, 'clientLowRssiDb': -70, 'clientLowRssiRate': 66, 'highDensityPowerBackoff': 5}","{'apCPUUtilEnabled': True, 'apCloudAgentCPUUtilEnabled': True, 'apCloudAgentMemUtilEnabled': True, 'apCloudAgentCPUUtil': 80, 'apCPUUtil': 90, 'periodicRebootEnabled': False, 'rebootEnabled': False, 'minTimeBetweenReboots': 1, 'bssidATH10DoesNotExist': True, 'periodicRebootHourToRun': '2', 'apMemUtil': 90, 'restart5GHzRadioConfig': {'errorRatiosEnabled': True, 'consumedRatios': 90, 'consumedRatiosEnabled': True, 'noBeaconsXmitEnabled': True, 'errorRatios': 50}, 'bssidATH0DoesNotExist': True, 'rebootPresenceOfClient': True, 'restart24GHzRadioConfig': {'txFailedRetriesRatio': 90, 'noBeaconsXmitEnabled': True, 'rxCRCErrorRatio': 90, 'txFailedRetriesRatioEnabled': True, 'rxCRCErrorRatioEnabled': True}, 'apCloudAgentMemUtil': 80, 'apRebootLogConfig': {'numberOfCleanTSFs': 10, 'periodicReporting': True, 'reportingInterval': 15, 'serverDirectory': 'NGSCserver/apEntries/healthCheck/stats', 'enabled': False, 'numberOfDirtyTSFs': 30, 'storeToFlash': False, 'collectionPeriod': 30, 'flashDirectory': '/usr/config/diagnostic', 'reportingEnabled': True}, 'apMemUtilEnabled': True}",False,True,True,0,False,60,-65,60,2,30,"{'20': 60, '60': 10, '40': 30, '100': 0, '-1': 0}",-80,AP,50000,True,-75,180,5,30,-71,True,30,1440,"{'sponsor': 'FON', 'id': '4', 'baseurl': 'montreal.speedtest.netasservice.com:12865', 'ulpath': '/speedtest/upload.jsp', 'lat': '45.5081', 'name': 'Montreal, QC', 'lon': '-73.5550', 'country': 'Canada', 'host': 'montreal.speedtest.netasservice.com:12865', 'url2': 'http://montreal3.speedtest.telus.com/speedtest/upload.jsp', 'cc': 'CA', 'dlpath': '/speedtest/random4000x4000.jpg'}","[{'sponsor': 'FON', 'id': '4', 'baseurl': 'montreal.speedtest.netasservice.com:12865', 'ulpath': '/speedtest/upload.jsp', 'lat': '45.5081', 'name': 'Montreal, QC', 'lon': '-73.5550', 'country': 'Canada', 'host': 'montreal.speedtest.netasservice.com:12865', 'url2': 'http://montreal3.speedtest.telus.com/speedtest/upload.jsp', 'cc': 'CA', 'dlpath': '/speedtest/random4000x4000.jpg'}]",ON,OFF,0,America/New_York,False,240,30,2,0.9,"{'zoneSety': 1, 'zoneSetz': 3, 'zoneSetx': 1}"
{'$oid': '5b71cd4e434b7dceeb42b670'},True,{'alarmNoise': -70},"{'reportEnabled': False, 'includeAPMemCPU': True, 'includeChannelChange': True, 'emailAddresses': 'john.cartmell@xcellair.com', 'startTime': '2017-06-06 00:00:00', 'includeNeighbors': True, 'includeClusterConfig': True, 'includeAlarms': True, 'includeClientDist': True, 'includeEvents': True, 'includeAPMapping': True, 'includeSteering': True, 'endTime': '2017-10-10 23:59:59', 'status': '', 'includeManagedAPs': True, 'includeChannelStats': True, 'interval': 86400}",5,-65,"{'ttydLocalIp': '104.239.213.29', 'expiryPeriodInMin': 30, 'publicSshPort': 222, 'ttydPortMin': 12001, 'ttydPublicIp': '104.239.213.29', 'ttydPortMax': 12999}",4,0.75,-65,True,0,0,-7,-25,0.1,0.1,5,False,"{'time': '9', 'status': 'Complete@20180813', 'firmware': '1.4-20a-ZyXEL', 'apManufacturer': 'ZyXEL_EMG2926', 'enabled': False}",1,CA,2019-03-06 23:45:01,0,False,240,-55,-72,"{'csvEnable': True, 'apLogsEnable': False, 'port': '21', 'ipAddress': '192.95.32.204', 'passiveMode': False, 'password': 'xCellAir2017&1', 'username': 'xcellair', 'csvRemoteDirectory': '/', 'apLogsRemoteDirectory': '/AP Logs'}",False,50,True,5,40,False,0.75,00000000-0000-0000-0000-000000000000,False,50,00 00 02 * * *,True,"{'lsCongestion': 0.85, 'lsOwnChUsage': 0.45, 'lsClientUpdateInt': 2, 'lsNumClients': 2}","{'periodicity': 7, 'enabled': True, 'batchSize': 200}",Default ClusterConfig,-65,1,0,1,VendorA_customized,"[2417, 2422, 2427, 2432, 2442, 2447, 2452, 2457, 2467, 2472, 5260, 5300, 5280, 5320, 5500, 5520, 5540, 5560, 5580, 5620, 5600, 5640, 5680, 5660, 5700, 5825]","{'highDensityPowerBackoff': 5, 'clientLowRssiRate': 66, 'pwrCtrlEnabled': False, 'highDensityAPNum': 4, 'clientLowRssiDb': -70, 'clientsTotal': 4, 'pwrCtrlInterval': 15}","{'apMemUtil': 90, 'apMemUtilEnabled': True, 'apRebootLogConfig': {'numberOfCleanTSFs': 10, 'numberOfDirtyTSFs': 30, 'flashDirectory': '/usr/config/diagnostic', 'serverDirectory': 'NGSCserver/apEntries/healthCheck/stats', 'reportingInterval': 15, 'reportingEnabled': True, 'collectionPeriod': 30, 'periodicReporting': True, 'storeToFlash': False, 'enabled': False}, 'bssidATH0DoesNotExist': True, 'minTimeBetweenReboots': 1, 'apCloudAgentMemUtilEnabled': True, 'restart24GHzRadioConfig': {'noBeaconsXmitEnabled': True, 'txFailedRetriesRatioEnabled': True, 'rxCRCErrorRatio': 90, 'rxCRCErrorRatioEnabled': True, 'txFailedRetriesRatio': 90}, 'apCPUUtil': 90, 'apCloudAgentCPUUtilEnabled': True, 'bssidATH10DoesNotExist': True, 'periodicRebootEnabled': False, 'rebootPresenceOfClient': True, 'restart5GHzRadioConfig': {'noBeaconsXmitEnabled': True, 'errorRatiosEnabled': True, 'consumedRatiosEnabled': True, 'errorRatios': 50, 'consumedRatios': 90}, 'apCPUUtilEnabled': True, 'rebootEnabled': False, 'apCloudAgentMemUtil': 80, 'periodicRebootHourToRun': '2', 'apCloudAgentCPUUtil': 80}",False,True,True,0,False,60,-65,60,2,30,"{'40': 30, '100': 0, '60': 10, '20': 60, '-1': 0}",-80,AP,50000,True,-75,180,5,30,-71,True,30,1440,"{'name': 'Montreal, QC', 'lon': '-73.5550', 'lat': '45.5081', 'host': 'montreal.speedtest.netasservice.com:12865', 'dlpath': '/speedtest/random4000x4000.jpg', 'country': 'Canada', 'cc': 'CA', 'url2': 'http://montreal3.speedtest.telus.com/speedtest/upload.jsp', 'sponsor': 'FON', 'ulpath': '/speedtest/upload.jsp', 'baseurl': 'montreal.speedtest.netasservice.com:12865', 'id': '4'}","[{'name': 'Montreal, QC', 'lon': '-73.5550', 'lat': '45.5081', 'host': 'montreal.speedtest.netasservice.com:12865', 'dlpath': '/speedtest/random4000x4000.jpg', 'country': 'Canada', 'cc': 'CA', 'url2': 'http://montreal3.speedtest.telus.com/speedtest/upload.jsp', 'sponsor': 'FON', 'ulpath': '/speedtest/upload.jsp', 'baseurl': 'montreal.speedtest.netasservice.com:12865', 'id': '4'}]",ON,OFF,0,America/New_York,False,240,30,2,0.9,"{'zoneSetz': 3, 'zoneSetx': 1, 'zoneSety': 1}"
